planned_shipment_date,team_size,feature_complexity,num_dependencies,sprint_length_weeks,num_blockers,holidays_in_sprint,priority_encoded,past_avg_delay_days,estimated_bug_count,delay_days
2021-01-17,9,8.168886881742097,3,2,0,0,0,-0.9652375928960094,2,15
2021-01-24,23,6.557333586649449,1,2,0,0,0,0.44415780312948605,6,11
2021-02-07,16,8.275576133048151,1,3,0,0,1,1.645089824206378,8,15
2021-02-07,18,3.9388669192525185,8,2,0,0,0,-3.751353544413034,1,11
2021-02-14,21,7.361716094628554,2,2,0,1,1,-0.9583484756905799,6,16
2021-02-21,16,8.640224418394755,2,2,1,0,1,0.30097815622118873,6,19
2021-03-14,15,1.6928191884591368,1,4,1,0,2,-1.0595204075340776,6,8
2021-03-07,22,4.173119707007521,2,2,0,0,1,-0.966245357502586,3,8
2021-03-14,14,3.2660406624282774,2,2,0,0,0,0.9555081988670542,4,7
2021-04-04,6,1.7276799369944373,3,4,0,0,2,0.05619892669640345,7,5
2021-03-28,11,7.218439642922194,3,2,2,1,1,2.087721221837316,3,23
2021-04-11,14,6.024641082463878,2,3,1,1,1,1.7079955729898024,6,20
2021-04-11,11,2.583327274096108,0,2,0,0,2,-1.9197892642278125,8,7
2021-04-18,23,5.523733837946729,3,2,0,0,0,-0.4469255706517018,2,11
2021-04-25,23,6.150632222537545,2,2,0,0,1,2.1926595790821777,4,12
2021-05-09,12,8.8963576473516,4,3,1,1,2,1.0300953726120958,7,28
2021-05-09,24,3.953374007272587,4,2,0,0,1,-1.0825708832799348,6,11
2021-05-16,18,9.782668715162812,3,2,0,0,2,1.0099745579609143,3,19
2021-05-23,24,7.431363304300561,5,2,0,0,2,0.8876388562924569,4,17
2021-05-30,7,4.586542609576361,2,2,0,0,2,-1.9630173020959019,2,9
2021-06-20,22,6.179267600882911,5,4,2,0,0,0.5619837354700653,3,19
2021-06-13,4,3.346250754123128,4,2,2,0,1,3.7408477956310344,5,19
2021-06-27,14,4.860946246375165,4,3,0,1,1,-0.542080924577085,9,14
2021-06-27,9,1.8208549274382133,1,2,0,1,1,1.227682682950849,2,8
2021-07-04,12,4.569864417588267,3,2,1,1,1,0.37242468778925153,6,17
2021-07-11,5,3.2831395648582484,7,2,0,0,1,2.7176332666654575,5,13
2021-08-01,6,5.984688559611887,6,4,0,0,2,-0.22186387125902032,4,15
2021-07-25,20,3.3934413246781507,2,2,0,0,1,-1.2925989986014979,5,7
2021-08-15,20,5.964290852896631,3,4,0,0,1,0.5173338240204339,1,13
2021-08-15,3,1.1230476834429757,2,3,2,0,2,-1.2885503603358959,3,11
2021-08-22,6,3.0577852495311646,3,3,0,0,1,0.3399458058146166,4,9
2021-08-29,17,8.062014375498787,8,3,0,0,2,0.4401486576072421,6,18
2021-08-29,8,5.4335628459358265,3,2,0,0,0,-2.2025038096942238,5,12
2021-09-05,21,8.396115731600043,2,2,0,0,2,-0.7493226567122879,4,14
2021-09-19,13,9.287851604786319,1,3,1,0,1,-0.550103394303288,4,16
2021-09-19,21,7.420146272960972,3,2,0,0,1,-0.37381024512081784,3,14
2021-10-03,19,4.086341778504343,4,3,0,0,1,-3.0461524777607063,6,9
2021-10-03,23,2.375732252658988,1,2,0,0,2,0.09704325588965398,7,5
2021-10-10,8,7.017788979319879,5,2,0,0,1,0.5194450034429637,4,15
2021-10-24,3,4.323074333589065,3,3,0,0,0,-0.14334807311487416,8,10
2021-10-24,5,1.5984664063009975,4,2,0,0,2,0.5795497137928258,7,10
2021-10-31,17,6.197376438155131,3,2,0,0,1,1.8323425312092418,9,16
2021-11-14,6,6.129007163841849,4,3,0,0,2,-0.8548158848989509,7,13
2021-11-21,12,4.082718314606891,2,3,2,0,0,1.7356980733263645,4,14
2021-11-21,12,7.941220016677642,1,2,0,0,2,-0.658547414111636,4,13
2021-11-28,21,6.321478921704363,1,2,1,0,1,1.7044929780605362,6,13
2021-12-05,21,3.2340379848143668,2,2,1,0,1,0.15681784501215407,6,9
2021-12-12,15,4.575863039118381,4,2,1,0,1,0.4696281735911331,5,16
2021-12-19,9,7.779215986727058,7,2,0,0,1,-3.417006559137015,11,21
2022-01-02,18,1.782325134553144,3,3,0,0,2,-2.9973188030139095,4,7
2022-01-09,11,4.92513876221785,3,3,0,1,2,-0.7272244244277117,4,12
2022-01-09,13,4.795335410979536,4,2,1,0,0,-0.13796132069158404,3,11
2022-01-23,8,7.589661206131561,3,3,0,0,1,0.743187660973053,3,14
2022-01-23,13,3.598243630936299,3,2,0,1,2,1.215133728662717,3,9
2022-02-06,4,1.9593842782039461,2,3,0,0,2,1.264815478111042,3,7
2022-02-13,19,2.2313676782706526,3,3,1,0,1,1.6678443090978081,5,11
2022-02-20,12,6.294373812729379,4,3,0,0,1,1.3137667324486855,4,15
2022-02-20,5,6.046094746031626,4,2,1,0,1,0.2905924794820792,5,18
2022-03-06,15,5.760434206244907,6,3,1,1,2,-3.363640650266458,4,17
2022-03-06,6,7.439979837108178,3,2,0,0,2,-1.2971037121187414,8,16
2022-03-13,24,6.469631153909732,2,2,0,0,1,2.8410084959797097,4,13
2022-03-20,17,1.313786442104424,4,2,0,1,0,1.0134693249736753,3,8
2022-03-27,7,1.4390522350585577,4,2,1,0,2,3.730006467994948,6,12
2022-04-10,18,7.3752667904353135,5,3,1,0,2,-0.7406467371945932,5,18
2022-04-10,15,6.55234226538168,5,2,1,0,2,2.4179638882129315,4,17
2022-04-17,19,7.93885863278922,2,2,1,1,1,4.040803927364224,4,20
2022-04-24,21,3.27257874719544,0,2,0,1,0,0.1779045452194042,5,9
2022-05-08,5,9.557772060253694,3,3,0,0,2,1.7957770775206836,2,18
2022-05-08,14,6.064752577090443,2,2,0,0,1,-0.7404188456264997,6,12
2022-05-15,9,2.126672129822954,3,2,0,0,2,-0.8923668664295594,1,4
2022-05-22,20,5.319449512454112,5,2,0,0,2,-0.007205078181136809,3,11
2022-05-29,3,5.6594047904624025,1,2,0,0,0,3.595373053699045,3,12
2022-06-12,13,2.1179797005525343,7,3,0,0,1,4.3117698176489245,3,13
2022-06-12,16,1.7346698382753063,1,2,1,0,2,-2.063152493740316,9,8
2022-07-03,5,2.9850501243009093,3,4,0,0,1,1.7475660819202317,4,9
2022-06-26,4,5.380020472822325,5,2,0,0,2,0.8032510109829468,5,13
2022-07-03,15,4.934488499351438,1,2,0,0,0,-2.6501529418720944,2,9
2022-07-10,3,7.961258131179406,3,2,0,0,1,-0.5185008851604511,4,16
2022-07-17,13,7.627618135590764,6,2,0,0,1,-0.26183194553949857,3,16
2022-07-24,12,4.576410896179609,2,2,2,0,1,-4.243111882777635,3,15
2022-07-31,20,2.816681069106535,3,2,1,0,1,-0.06177527114316014,5,13
2022-08-14,3,6.405485882916125,5,3,0,1,2,-0.6690150127134936,5,17
2022-08-14,4,7.860566212989542,3,2,0,0,1,3.1890101264499444,4,16
2022-08-21,13,6.431037340432401,5,2,0,0,1,2.8907693791658673,6,15
2022-09-11,13,1.068065874803279,4,4,0,0,1,-1.7411452325235124,6,5
2022-09-04,6,8.408566140360943,3,2,0,0,0,-0.28769154182392725,4,17
2022-09-18,15,6.414506381316981,3,3,0,0,2,-2.48772647078257,5,12
2022-09-25,6,2.3473357116126197,2,3,0,0,0,-2.1268032910357055,4,5
2022-09-25,4,3.4708622860011284,5,2,1,0,1,0.33824810019818063,5,14
2022-10-09,9,1.6248145847148403,1,3,0,0,2,0.9252526707622049,8,8
2022-10-09,14,1.7989065469699161,4,2,1,0,1,-0.04003779868885756,3,10
2022-10-23,22,9.343008711318658,4,3,0,0,2,-2.141188676471204,4,17
2022-10-23,22,3.517331846243313,5,2,0,0,1,2.9522922214401324,5,13
2022-11-06,5,2.561720634878578,5,3,2,0,1,-1.3008260694199874,4,15
2022-11-13,4,5.554967993620758,1,3,0,0,2,-0.7476547880988643,1,10
2022-11-20,13,6.576291594080466,2,3,0,0,2,0.2973349144042231,3,12
2022-11-20,16,1.9094122990958202,1,2,2,0,1,1.8991082708826474,5,10
2022-12-11,9,5.72954159771776,2,4,0,0,1,0.7739305977090845,6,13
2022-12-04,7,9.636189798889301,2,2,1,0,1,-0.8865645023830206,9,20
2022-12-25,3,8.279951154726952,1,4,0,0,2,-4.863427142524296,5,14
2022-12-18,14,5.60999728731407,1,2,1,0,0,-1.6049854664232945,5,15
2022-12-25,7,5.946544393470321,2,2,0,1,2,-1.7227674047134875,5,13
2023-01-01,10,2.0256097124288543,4,2,0,0,0,1.7204084840409684,5,6
2023-01-15,19,6.812297313896854,5,3,0,0,2,1.3257625373348254,4,17
2023-01-15,20,1.9714934318181792,3,2,0,0,2,1.3200211862342364,2,8
2023-01-22,14,6.726622185813232,3,2,1,1,0,2.5759649476038766,5,19
2023-02-05,15,5.848261006087352,4,3,1,0,2,-0.21212381807607733,5,17
2023-02-05,7,6.96737804050443,0,2,0,0,0,-2.8891148870495944,5,10
2023-02-12,4,6.3943206909664045,1,2,0,0,1,1.106545377901898,4,11
2023-02-26,22,1.562880042076316,4,3,0,0,1,0.607560618981011,8,6
2023-02-26,5,4.866911314650416,5,2,0,0,1,3.32251842909574,5,14
2023-03-05,6,1.1206236378894905,1,2,0,0,2,-0.13305703510406533,5,4
2023-03-12,20,9.157937080099698,2,2,1,0,1,0.13398143444974384,3,19
2023-03-19,7,9.83167381447522,2,2,0,1,1,-1.616839649046774,4,19
2023-03-26,19,9.824651398009955,3,2,0,0,2,-2.1906911277138335,4,18
2023-04-09,9,5.908886824662149,1,3,0,0,2,-1.2919283582490706,4,10
2023-04-23,23,6.93666429755268,1,4,0,0,1,-1.7755160104224703,5,12
2023-04-16,20,1.8406717477776604,2,2,0,0,1,2.0993083557206904,5,5
2023-04-23,18,8.714613312988778,3,2,0,1,1,-0.39905734665881754,8,18
2023-04-30,15,3.9071007854759245,5,2,1,0,1,0.9675454819036905,6,14
2023-05-14,24,8.454243271934965,2,3,0,0,0,-1.3254275437258602,8,14
2023-05-21,18,1.9570935363019712,1,3,0,0,2,1.7356938860625908,2,4
2023-05-28,23,4.6747570848350595,4,3,0,1,0,-0.7586598396766574,3,11
2023-05-28,21,9.791202956595933,1,2,1,1,1,-0.8704444656012569,6,23
2023-06-04,21,8.85478455609515,2,2,0,0,1,1.5998838038841001,3,14
2023-06-18,6,8.895155114459804,5,3,0,0,1,0.706785675193816,6,20
2023-06-18,5,8.4635811938508,4,2,1,0,2,4.210404802416021,5,21
2023-07-09,24,8.080753016389933,3,4,0,0,2,1.613128353361999,6,17
2023-07-02,22,2.8629332059458408,1,2,0,0,0,2.1689591661461414,5,7
2023-07-16,11,8.36386001873423,3,3,0,0,2,-0.7391377057075622,10,16
2023-07-23,15,8.466288011787253,0,3,0,0,2,-1.3405000434524752,8,15
2023-07-30,21,6.342947120876846,0,3,2,0,2,-1.2248747492808758,3,16
2023-07-30,19,7.253941363083633,2,2,2,0,1,2.6716113329829887,4,20
2023-08-06,11,3.756821489003914,7,2,0,0,2,-1.97357209147909,4,13
2023-08-13,22,4.057919444360061,2,2,1,0,0,0.21432045556448637,4,13
2023-08-20,20,5.37030729693458,0,2,2,0,0,-0.17672591841067065,1,13
2023-08-27,17,5.390660774731658,2,2,0,0,2,-1.7240997628089874,2,10
2023-09-03,18,7.961850023811075,3,2,1,0,2,-1.7201217102461501,5,19
2023-09-10,5,2.354693424970722,4,2,1,0,2,0.16956572928791752,6,11
2023-09-24,24,2.1758710944111663,3,3,2,0,1,-0.02694364333031592,6,13
2023-10-01,13,9.268612395457396,4,3,0,0,1,-2.046455532286596,2,16
2023-10-01,17,6.639332599838892,1,2,0,0,1,-0.8199210077055469,5,11
2023-10-08,21,2.805859156633851,2,2,0,0,0,0.9334509351842079,5,8
2023-10-15,6,4.663958402130649,1,2,1,1,0,0.060381574420310065,4,14
2023-10-22,4,1.6561165183111317,2,2,1,1,1,-0.5567823416219568,7,11
2023-10-29,19,7.478123080192175,6,2,0,0,1,-1.3909384626432266,6,19
2023-11-05,19,5.6001622531350685,0,2,1,0,2,-1.7168998807493718,4,13
2023-11-12,6,9.1647983940456,5,2,0,1,2,-1.6848009650735936,4,21
2023-11-26,6,7.322864513813263,1,3,0,0,1,0.0010559177131945856,4,13
2023-11-26,9,7.908108656661264,4,2,1,0,1,-3.1075175320321287,5,20
2023-12-03,10,5.213387271709274,1,2,0,0,2,-1.8516383662951583,6,10
2023-12-10,5,4.638607725293822,2,2,2,0,1,2.1072247984873202,4,16
2023-12-17,17,8.264399836283943,1,2,0,0,1,-2.4782141513078018,0,11
2023-12-24,13,6.967066115275983,6,2,0,1,2,0.30026926801243614,5,19
2023-12-31,22,5.900340995202367,2,2,0,0,1,0.7865384469404438,5,13
2024-01-14,19,9.52655724627802,3,3,0,1,1,-3.378116898657792,9,20
2024-01-21,5,2.4917480183814034,2,3,2,0,2,0.09592289196309342,3,12
2024-01-28,24,1.1172661098137537,0,3,1,0,1,1.0519551168352335,7,7
2024-01-28,22,6.085767812074806,2,2,0,1,1,-2.500815467939435,5,14
2024-02-18,5,9.051785178198712,0,4,0,1,2,6.991755579200198,3,18
2024-02-11,5,9.558357350522936,3,2,0,0,1,0.028546135672868213,2,16
2024-02-18,19,2.333601354069509,3,2,0,0,2,-0.43590410653729217,8,7
2024-02-25,18,3.984082291604744,2,2,2,0,1,0.873477103467019,7,16
2024-03-03,15,1.3381398135901663,2,2,0,0,2,-1.46302680779266,2,3
2024-03-17,17,2.7200683854640237,4,3,1,0,1,-1.2332101080909939,6,11
2024-03-31,18,1.7061023468541157,4,4,0,0,1,2.103895235445837,6,7
2024-03-24,10,2.621761787153331,2,2,1,0,0,1.283631060483382,4,9
2024-04-07,3,3.8078561829377664,4,3,0,0,1,0.10784085061155989,6,13
2024-04-14,18,8.200031335873133,2,3,0,0,1,0.7531480302782487,6,16
2024-04-14,18,2.465335447091774,1,2,0,0,2,2.0181305920946566,3,6
2024-04-21,11,7.168994948997113,1,2,2,0,1,-2.3709247071902,4,19
2024-04-28,12,9.232580034608532,0,2,2,0,1,0.087749927521431,4,21
2024-05-12,5,2.847996448361198,2,3,2,0,0,-1.0933601691745307,4,12
2024-05-12,5,4.35933833016483,5,2,0,0,1,-2.5920472405027843,1,11
2024-05-26,24,6.62684292577398,1,3,0,1,1,1.5158107922220239,7,17
2024-05-26,17,3.3284047793989684,2,2,0,0,1,-1.0059495411026862,3,7
2024-06-02,3,2.929658346938481,2,2,1,0,1,0.8157535647506429,8,12
2024-06-23,12,4.8474608532108325,3,4,1,0,2,1.9986594224795073,7,15
2024-06-16,13,6.389608600714951,2,2,0,0,1,1.4745826330941045,9,14
2024-06-30,14,3.249612517578591,3,3,1,0,2,-0.25090852000580044,5,12
2024-06-30,21,8.459841486276627,4,2,0,0,1,-4.643260813399831,8,17
2024-07-07,24,1.7519890375962077,0,2,1,0,1,-0.43403410084874083,3,6
2024-07-21,24,3.4084071897553674,5,3,0,0,2,-1.2357849374647607,3,8
2024-07-21,18,6.450741003910703,1,2,0,0,1,-0.26417401103828697,2,11
2024-08-04,19,8.715780121247569,4,3,1,0,2,2.128228366669427,3,21
2024-08-04,21,8.385388819089279,2,2,0,0,1,-2.6763181372462457,9,16
2024-08-11,5,2.981001933142778,2,2,0,0,1,1.3030439826790114,1,5
2024-08-25,4,7.955286159613037,1,3,0,0,2,0.16765325585872187,5,15
2024-08-25,8,7.749800186068637,7,2,1,0,1,-2.1792660746847767,5,20
2024-09-01,4,2.202855232694662,4,2,0,0,1,2.5948428425794074,4,9
2024-09-15,23,8.334457556864852,3,3,0,0,0,-0.6652746367019181,3,16
2024-09-15,16,8.993063700406323,6,2,0,1,1,1.513577359973964,4,22
2024-09-22,19,9.650434741391486,3,2,0,0,0,0.47917776144833746,3,18
2024-09-29,5,6.621526433030784,7,2,0,1,2,0.7352985859828431,7,17
2024-10-20,13,8.495487116821682,2,4,0,0,1,3.2167786227143846,3,17
2024-10-20,20,7.009845324428376,2,3,0,0,2,-1.96052235259502,5,16
2024-10-20,10,1.854175971406116,2,2,2,0,1,1.6684568131990984,7,14
2024-10-27,7,9.076292792118387,4,2,0,1,2,-0.41171886176068073,2,18
2024-11-03,22,1.4970026866872561,2,2,2,0,0,1.0865933281645814,1,9
2024-11-10,12,3.3081675491508937,2,2,1,0,1,-0.06287834074955284,5,10
2024-11-17,16,3.805208456635373,0,2,1,0,2,3.0914245953184345,4,10
2024-11-24,14,7.993443570865805,6,2,0,0,1,2.493783431069439,6,19
2024-12-01,15,9.008953538261379,8,2,0,1,0,-0.06115803900693445,7,25
2024-12-15,12,4.306516558273634,1,3,1,0,1,-1.36478198857179,3,10
2024-12-15,12,8.133353318882213,3,2,0,0,2,-1.3123919097768864,6,15
2024-12-29,19,7.336749441892052,6,3,0,0,1,-0.8658016375702944,8,18
2024-12-29,14,7.52138458162866,2,2,0,0,1,-1.0706701740324462,6,15
2025-01-05,7,7.744834053827278,1,2,0,0,1,2.4169010160363062,6,17
2025-01-19,19,3.5345443789506854,1,3,1,0,2,-2.1766389740581076,3,8
2025-01-19,10,5.869026090348963,4,2,1,0,1,1.6980218265531064,1,16
2025-01-26,24,6.957222693733104,6,2,0,0,1,1.8643831285207695,6,17
2025-02-02,23,4.869618578018395,3,2,0,0,1,-2.418068793978371,8,11
2025-02-09,5,4.697713826564469,2,2,1,0,0,-1.4630851392393147,9,14
2025-02-16,10,3.6672185216195956,6,2,0,0,1,1.1131062490675163,6,11
2025-02-23,10,2.424735100950529,1,2,1,0,2,-2.57953116353012,5,9
2025-03-09,8,7.112792360810524,1,3,2,0,1,2.3754383543328026,6,21
2025-03-09,17,6.955999592244747,1,2,0,0,2,-3.1227046715545996,3,13
2025-03-16,16,3.502895635597208,2,2,2,0,1,3.7023318838934167,4,16
2025-03-23,4,8.975635949164106,7,2,1,0,0,0.3037552192278795,7,25
2025-03-30,7,9.114247047583609,5,2,0,0,2,-0.4772135385125916,6,20
2025-04-13,16,7.19241001366716,2,3,0,0,1,-2.3235676878247276,4,13
2025-04-13,11,1.4715216603537509,2,2,1,1,1,-1.8097838520957332,3,8
2025-04-20,18,6.165548794621094,1,2,0,0,1,0.19365635481903432,7,11
2025-04-27,16,2.7500287998851976,1,2,0,0,1,-2.883688851999425,8,8
2025-05-04,15,6.147962904552335,3,2,0,0,1,3.1355922623929446,6,14
2025-05-11,21,6.83294531080711,4,2,0,0,0,-0.10996228660179641,3,13
2025-05-18,5,6.200263452259763,4,2,0,0,2,1.8560901420113844,3,14
2025-05-25,19,9.009220387265762,3,2,1,0,0,-0.9062117359614249,8,22
2025-06-01,12,3.09999540384394,3,2,0,0,0,-1.6937019322507292,4,9
2025-06-08,4,8.578140953560697,6,2,1,0,0,-0.11418089162693762,5,21
2025-06-29,8,7.432469501518324,6,4,0,0,1,1.3052928143541567,2,16
2025-06-29,8,7.161635748384697,3,3,2,0,1,1.365272167137411,4,20
2025-06-29,5,4.209365583875851,1,2,1,1,1,-1.7234061405125163,5,13
2025-07-06,22,2.2421393831804655,3,2,0,1,1,-0.5221881969251524,8,8
2025-07-13,22,7.305503467550064,5,2,0,0,1,-0.7229255333879715,3,16
2025-07-20,13,3.5006064688590897,5,2,0,1,1,-1.347848693459191,5,11
2025-07-27,17,4.283402231870188,3,2,0,1,0,-0.7483605519803673,8,13
2025-08-03,15,2.084026059969089,3,2,0,0,1,-2.30666480641149,5,5
2025-08-10,22,4.572531756408636,3,2,0,0,1,-1.6771863059277274,4,9
2025-08-17,9,6.357067594474614,5,2,2,0,1,-0.14794572718875607,7,21
2025-08-31,13,8.12268775456278,3,3,0,1,1,3.0833456235927343,4,17
2025-09-14,12,5.331501560973133,2,4,0,0,1,-0.34988913200262406,5,10
2025-09-07,7,9.14984954136011,3,2,0,0,1,-0.11419322167210681,1,17
2025-09-14,18,8.796631923839632,2,2,0,0,2,-1.3779168229169914,4,16
2025-09-21,5,2.6601314595389502,2,2,0,0,1,-0.3955380894112287,2,6
2025-09-28,18,6.094165823990388,3,2,0,0,1,-0.8236467379273146,4,12
2025-10-12,19,8.168359503966226,3,3,1,0,2,-0.5250806465641232,2,17
2025-10-26,17,4.723108110867344,2,4,0,1,1,-2.5713648364933546,2,11
2025-10-19,12,5.922359883869293,2,2,0,0,2,1.005429783546514,5,12
2025-10-26,24,2.7529614791850325,4,2,0,1,2,-1.10123705320426,7,13
2025-11-02,24,8.916413470405859,4,2,0,0,1,-2.3605672076457433,5,18
2025-11-16,12,5.257247530087186,0,3,0,0,1,0.12185818769872023,4,7
2025-11-16,11,2.644760493886923,3,2,0,0,0,-1.3431242011685254,3,7
2025-11-30,5,9.069171926221092,1,3,0,1,1,-0.5949644017477003,5,19
2025-11-30,20,3.7577390441593272,4,2,0,0,1,-1.438013335362808,3,8
2025-12-14,11,3.641813132127944,2,3,0,0,2,-1.6672722898169041,3,8
2025-12-14,23,1.0083647518296495,1,2,0,0,2,0.03072955178661882,6,3
2025-12-28,7,7.892727794962678,3,3,1,0,1,-3.9564504987496205,5,18
2026-01-04,17,9.29362052716676,5,3,0,0,2,-0.5342526718813848,8,20
2026-01-04,8,7.212905622106561,5,2,0,0,2,2.385470330832829,9,17
2026-01-11,5,2.519726170333555,1,2,1,0,0,0.3573894336209512,8,11
2026-01-18,22,5.219108924561119,3,2,0,0,1,-0.4076818614772979,7,11
2026-01-25,22,5.898316033137258,3,2,0,1,1,-2.2754759916227845,5,14
2026-02-01,23,4.6963832085249955,5,2,2,0,2,1.7172367961520307,1,17
2026-02-08,21,1.492594362324873,2,2,2,0,2,0.2988389470183938,5,11
2026-03-01,3,7.468463019359821,1,4,0,0,0,-0.21297576636109433,7,13
2026-03-08,4,5.1466024021750645,5,4,1,0,2,-2.8423062802912424,3,15
2026-03-01,3,9.562571757811956,2,2,0,0,1,0.7720066299196016,12,19
2026-03-15,14,1.1868222891156779,1,3,0,0,1,-1.2737191738572144,3,3
2026-03-15,6,9.41315965743505,4,2,0,0,1,0.9762096354386114,6,18
2026-04-05,23,4.613478495083887,2,4,0,0,2,1.803102513149529,7,12
2026-04-12,5,6.649019894429278,1,4,2,1,1,-2.498790406119056,5,19
2026-04-05,19,4.833977675215853,8,2,0,0,1,-2.630335484856382,5,14
2026-04-12,23,4.48126517846692,1,2,0,1,0,-2.1225870634229635,6,11
2026-05-03,12,5.811032972406778,1,4,0,0,2,0.7624885329561455,4,10
2026-05-03,17,2.949212670645168,2,3,0,0,2,-3.621595201119269,9,9
2026-05-10,24,4.5554800407111635,1,3,0,0,1,-2.2709333916203396,6,9
2026-05-17,22,5.782211485774257,5,3,0,0,1,-1.2566722975924665,2,13
2026-05-24,19,8.551897289196503,3,3,1,1,1,2.4990098014123174,3,21
2026-05-24,24,6.375811404976407,4,2,1,0,0,-2.4163576472911763,5,17
2026-06-07,23,8.52877801684813,4,3,0,0,1,1.1601976832704137,2,17
2026-06-14,4,4.417636643394839,6,3,0,0,1,-4.11593350679351,4,12
2026-06-21,14,5.560172117686025,4,3,0,0,2,0.30709727664148256,3,12
2026-07-05,21,7.6659722295996335,1,4,0,0,1,-5.40878326320555,2,12
2026-07-05,18,2.0281342473225625,4,3,0,0,1,0.759421048469116,4,9
2026-07-05,21,6.198517725734203,3,2,0,0,2,3.1970762241926827,6,15
2026-07-12,4,1.5060186536587503,4,2,1,0,1,-0.20868558597378384,5,10
2026-07-26,10,7.715616746970451,3,3,0,0,2,4.099149857249079,4,16
2026-07-26,6,3.032105969355662,1,2,0,0,2,-0.7766938766023168,4,6
2026-08-16,14,5.012429948443145,3,4,0,0,0,0.33407400145271027,7,12
2026-08-09,17,7.646914480572671,1,2,0,1,1,2.424317377100662,5,16
2026-08-16,11,6.337505709706219,2,2,2,0,1,2.9164089767748065,5,18
2026-08-23,8,8.160942075952978,1,2,0,1,0,0.07700729126961763,7,18
2026-08-30,6,9.449892776280457,6,2,0,0,2,-1.0952597570295728,3,19
2026-09-06,19,5.224661577903323,3,2,1,0,1,-0.968347902497474,9,14
2026-09-13,10,2.12182686093532,3,2,0,0,1,-0.1427837366213017,4,7
2026-09-27,13,5.8198822578801845,4,3,2,1,1,-3.4834071061603544,4,20
2026-09-27,3,9.989136422340891,1,2,0,0,1,-1.7137037302555986,5,16
2026-10-18,11,1.0556544037680702,3,4,0,0,1,3.7132948731239095,6,7
2026-10-11,8,2.1630142009247444,1,2,0,0,1,0.5303972718966037,3,4
2026-10-25,3,4.122630553398272,5,3,0,0,1,0.3285895307411381,8,14
2026-10-25,9,4.498915715754372,1,2,1,0,1,1.6056081164264413,5,15
2026-11-01,18,7.6282585715716555,1,2,0,0,1,-2.0131808328195415,7,13
2026-11-08,21,6.465919751137593,2,2,1,0,2,-2.9681133298486704,3,14
2026-11-22,18,2.980810594425452,2,3,0,0,2,0.00899909753704883,5,7
2026-11-29,18,3.852137239485623,5,3,0,0,2,-0.03974727073662314,6,11
2026-12-06,7,7.236282063023097,5,3,0,0,1,1.7214493544802354,5,15
2026-12-06,9,3.668003989697378,3,2,0,0,1,-1.006728186501016,5,8
2026-12-20,10,6.1961806109770095,3,3,0,0,1,-2.1842424006971344,4,13
2026-12-27,4,5.753703355807206,2,3,1,0,0,-1.2149445752406145,6,14
2027-01-03,11,9.391133274703398,3,3,0,0,2,-3.478803943873474,1,15
2027-01-03,17,6.816789402916432,4,2,0,0,2,-0.7458810408602731,4,16
2027-01-10,14,4.581643117426815,8,2,0,0,0,-0.009243377807044635,7,15
2027-01-24,9,2.7324383557224436,4,3,0,0,1,0.40090300868063417,3,8
2027-01-24,24,9.530164594130113,1,2,0,0,2,-3.560914304013026,10,18
2027-02-07,4,7.085761717208853,4,3,0,0,2,1.6916057451258564,4,16
2027-02-21,19,4.887904343170968,0,4,0,0,2,1.1016531643522447,2,7
2027-02-14,12,7.830791486686276,3,2,0,0,1,-1.6103435034857525,5,16
2027-02-28,9,3.270904698373707,3,3,2,0,2,1.3155263523007474,4,15
2027-03-07,18,4.8064918936740195,2,3,0,0,0,2.693286862868963,5,10
2027-03-07,23,4.8788535596338285,2,2,0,0,1,-2.1281210195964086,4,10
2027-03-21,20,4.4455005529159175,3,3,2,1,0,0.740423779883482,2,18
2027-03-21,20,7.489491948080847,2,2,0,0,2,1.3984611614402802,3,13
2027-04-04,20,9.213445241947994,1,3,0,0,1,-0.42102267319948183,6,16
2027-04-04,20,3.4454583900836173,2,2,2,0,1,-1.1327891824294465,1,13
2027-04-11,14,8.0785514217531,2,2,0,1,1,0.0004430327939998048,3,18
2027-04-18,23,4.102927902098868,5,2,0,0,1,-0.7797312475869363,5,9
2027-04-25,10,8.774106606685029,2,2,0,0,1,-0.47918464930741766,7,16
2027-05-02,7,4.961622958274738,1,2,1,0,1,0.23023213957134941,5,12
2027-05-09,4,9.250804028068721,5,2,0,1,1,0.09112776228379663,4,21
2027-05-16,15,5.128346041007844,2,2,1,1,2,-0.5895849015450589,3,14
2027-05-30,21,1.9853412946209459,3,3,1,0,1,-2.3481482632179493,6,9
2027-06-06,12,9.325581008023494,1,3,0,0,2,-0.5469886010614641,4,17
2027-06-13,24,3.780259505593895,5,3,0,1,2,0.9801592565029913,5,14
2027-06-13,19,4.393069407628701,5,2,1,0,0,-3.36075278384065,8,17
2027-07-04,5,6.834312586700398,3,4,0,0,1,1.5366679845806293,7,14
2027-07-11,20,3.346076419665342,1,4,2,0,0,-1.8569520607511043,4,12
2027-07-11,19,6.752816464509639,3,3,0,0,1,0.9936250142718427,8,14
2027-07-11,21,8.17175413248572,3,2,0,1,2,1.269807623169866,5,21
2027-07-18,19,1.3164332524407474,3,2,2,0,1,-0.525493495373008,3,9
2027-08-01,5,5.403513349464428,5,3,0,0,2,-2.613699714910021,4,13
2027-08-01,15,6.24948577425187,2,2,2,0,1,-2.853351790440678,6,18
2027-08-08,17,3.562072649618173,3,2,0,0,2,2.3327410913385043,5,10
2027-08-15,20,1.2472350626168636,3,2,1,0,1,1.2996461041456477,4,8
2027-08-22,15,8.998718651324316,1,2,0,0,1,-3.5242482780881303,3,14
2027-08-29,14,2.5373233567558966,2,2,0,1,0,1.168262969637623,2,9
2027-09-12,7,1.9084746300075897,2,3,0,1,0,0.24209389976136808,0,7
2027-09-12,23,9.280360472913133,3,2,0,0,1,-0.5083087053396991,5,16
2027-09-19,7,8.186081545460715,2,2,0,0,2,-1.0365052777224049,8,17
2027-10-03,9,6.9924774488667625,1,3,0,0,0,0.24172375805279636,4,11
2027-10-10,21,6.576243335443781,3,3,0,1,2,0.7783396204468965,3,15
2027-10-17,11,6.979814079334101,7,3,0,0,1,-2.239982860543233,2,16
2027-10-17,11,2.285070730010962,5,2,1,0,2,-1.4538979180346978,7,9
2027-10-24,17,5.354649730299009,3,2,0,0,1,-1.858277581951637,4,13
2027-11-07,13,5.200148402477778,1,3,0,0,1,-1.4138095582751942,3,10
2027-11-21,15,7.048177859624816,6,4,0,0,0,-0.5752094683616056,8,19
2027-11-21,20,6.239303225332678,2,3,0,0,2,0.46497323683873437,2,12
2027-11-28,9,7.595897075955086,4,3,1,0,0,3.9169486022629996,10,20
2027-11-28,8,5.608797190287976,1,2,1,0,0,-3.8041392970928793,6,12
2027-12-12,24,1.9261457950780057,4,3,0,0,0,3.0916208543283283,7,10
2027-12-12,7,5.852744147145829,2,2,1,1,1,1.253909496512265,3,16
2028-01-02,4,9.83707426031721,7,4,1,0,1,0.44800626666306004,10,27
2027-12-26,18,9.554532054302214,4,2,0,1,0,-0.5152409710219881,3,20
2028-01-02,13,1.3236918059207152,3,2,2,0,2,0.7309904061822297,10,14
2028-01-09,9,4.288301573955875,4,2,0,0,2,4.551650855295275,5,12
2028-01-16,3,5.5250509766201255,2,2,0,0,2,-1.7628498123347063,4,12
2028-01-23,4,6.1924251101035575,2,2,0,0,1,0.9201086828928885,6,13
2028-01-30,20,4.938816723918419,3,2,0,0,1,-4.848500647874401,5,10
2028-02-13,22,2.91049763756963,4,3,0,0,1,0.3263969189927151,5,8
2028-02-20,8,4.6572976474971535,3,3,0,0,1,-2.112061599933335,6,10
2028-02-27,4,7.807204492692708,4,3,1,0,2,-1.9315652657279185,4,18
2028-02-27,13,6.037456923354821,4,2,2,0,2,1.760900388211294,5,19
2028-03-12,24,5.997662427953632,4,3,0,0,1,-1.5517496463329676,9,14
2028-03-12,9,1.0352269516185157,4,2,0,0,1,-2.8999511968034124,1,4
2028-03-26,8,1.8040591206268015,2,3,0,0,1,-1.6101903620610176,5,5
2028-03-26,12,4.101369361542746,3,2,2,0,0,2.1683964880870854,6,17
2028-04-02,24,5.664868501862647,3,2,2,0,0,3.2354986210484182,5,21
2028-04-09,10,3.9542958034960334,3,2,0,0,1,-0.549604609505376,10,9
2028-04-16,3,7.195218624222919,3,2,0,0,1,1.1490346812343635,6,13
2028-04-23,19,6.998732486068453,2,2,2,0,2,1.5058453305756616,3,20
2028-05-14,3,4.6450098872879355,2,4,2,0,1,-2.1564363402326014,4,16
2028-05-07,11,3.978927528430627,4,2,0,0,1,0.04085103783617386,7,10
2028-05-28,6,3.730278539927534,2,4,0,0,1,1.8176248226999379,4,8
2028-05-28,11,1.088014422751857,1,3,0,1,0,-0.12323608958454482,6,7
2028-05-28,10,1.0329068021018435,2,2,0,0,1,0.8371457719823089,5,5
2028-06-11,13,7.795543733345645,2,3,1,0,2,0.27041416212731884,7,19
2028-06-11,21,5.011226112220718,0,2,0,0,1,1.9040602628746026,0,10
2028-06-25,17,6.096905921498789,2,3,0,0,1,-0.3666014190523946,10,13
2028-06-25,16,9.125463763323681,2,2,0,0,2,-1.6744837872107114,4,15
2028-07-02,3,9.413398363994212,4,2,0,1,1,-0.45421201556185203,6,20
2028-07-09,13,8.481212245809482,4,2,0,0,2,-1.712697036562408,4,16
2028-07-23,22,3.053493223758152,5,3,0,0,0,-1.2161995188971697,8,11
2028-07-23,13,6.814422496869364,3,2,0,0,2,1.5415376128702774,4,14
2028-07-30,3,4.635786549727752,1,2,0,0,1,-2.192090992506903,3,7
2028-08-20,6,9.756654714568374,2,4,1,0,0,-1.1631904461402611,2,18
2028-08-13,15,6.885947992782235,2,2,2,0,0,2.2498650906064817,4,18
2028-08-27,23,9.984106232458483,3,3,0,1,2,-0.48779632689656954,5,20
2028-08-27,15,2.102332751652675,4,2,0,1,1,3.9877258784651897,6,11
2028-09-10,5,6.905826823362459,2,3,0,1,1,-0.44794467288711093,6,15
2028-09-17,8,3.8299069523026485,6,3,0,0,1,2.0205491736720314,6,13
2028-09-17,12,3.922348008324376,2,2,0,0,0,-0.8724043869626192,7,8
2028-09-24,17,9.391995805396157,2,2,0,1,0,-1.128392359720973,4,17
2028-10-01,10,8.688322553985454,2,2,0,0,2,3.0647306616982593,7,15
2028-10-15,9,1.4146225270792083,4,3,0,0,2,0.1740329607847731,4,5
2028-10-15,6,8.680561601832474,4,2,0,0,1,-1.534134910800601,1,15
2028-10-22,24,1.716885348583806,0,2,0,1,0,-1.6173230079114138,4,7
2028-11-05,3,5.747463501024354,8,3,0,1,1,0.5394614143256239,5,18
2028-11-19,20,8.496947246977005,2,4,0,0,1,0.2144159240802673,6,15
2028-11-19,24,2.9310833808356485,3,3,2,0,1,1.6982852118643823,7,14
2028-11-19,24,7.0797913175805105,3,2,2,0,1,1.1102644901004197,5,20
2028-12-03,10,4.358866321946142,3,3,0,0,1,-4.870624663565777,3,10
2028-12-03,20,8.572057471054434,4,2,1,0,0,2.765278291207319,3,23
2028-12-10,13,3.2491154947320084,1,2,0,0,1,0.7166890221520065,6,6
2028-12-17,19,1.7731934938253844,3,2,0,0,0,2.1647077463246176,4,6
2028-12-24,14,8.586549938251963,2,2,2,0,1,1.14605867210281,6,23
2028-12-31,13,8.842002331062542,4,2,0,1,1,-2.798156856368951,5,18
2029-01-07,18,1.1804139957930824,3,2,0,0,0,-0.7851233866596535,10,7
2029-01-14,23,1.653173182402397,5,2,0,1,1,1.9913180228574048,4,9
2029-01-21,20,8.385187954004648,3,2,0,0,2,2.4540691940977446,4,15
2029-01-28,21,8.523419410148572,2,2,0,0,2,1.3743345570819325,8,17
2029-02-04,20,4.680345121810048,4,2,0,0,2,-1.5391869290046143,6,12
2029-02-25,21,9.56256735235974,4,4,0,0,2,2.8318327149117173,7,20
2029-02-18,11,8.559984009195485,4,2,2,0,1,0.6139015002250523,6,22
2029-03-04,13,3.6624044672367684,3,3,0,1,2,1.1461878544879913,4,10
2029-03-04,11,4.963911135904414,6,2,0,0,0,-0.08705893300933266,3,12
2029-03-11,19,5.631140046410205,2,2,0,0,2,1.6404647966119683,4,12
2029-03-25,7,3.6911141164841146,2,3,1,0,2,-1.0485721388544138,8,11
2029-04-01,6,6.534127131102425,1,3,1,0,1,-0.6826196924196966,9,16
2029-04-01,16,7.253448213953133,2,2,0,0,1,-3.3965393448140717,2,12
2029-04-15,8,9.300769979352262,4,3,2,0,0,1.4066261229151837,3,24
2029-04-22,4,1.788171066876144,4,3,0,0,1,4.6756554907766,4,8
2029-04-22,11,8.338191614700053,7,2,0,1,2,0.042347173755753593,8,22
2029-05-06,12,4.069430855475612,4,3,0,1,1,1.1814886710206516,3,12
2029-05-13,6,6.432231224107563,2,3,0,0,1,-0.4276536368437341,7,14
2029-05-13,9,1.508641217170816,1,2,0,0,2,0.28685313371498644,7,6
2029-05-27,6,1.8555088314930799,2,3,0,0,1,-1.861770487406389,5,7
2029-06-10,21,8.797846626088806,0,4,0,0,1,0.091840984895533,6,16
2029-06-03,12,1.082808078628415,3,2,0,0,2,0.1764715077718973,4,6
2029-06-10,8,7.720038683079733,1,2,0,0,1,-0.05561103430779816,5,14
2029-06-17,9,7.354523031742278,4,2,1,0,2,0.582405510276065,5,18
2029-06-24,3,6.481260502362242,4,2,2,0,1,2.062434267476714,2,19
2029-07-01,22,8.396213133287803,3,2,0,0,1,-4.457576532052499,4,15
2029-07-15,14,7.559834585397362,3,3,0,1,1,1.934356244877899,1,17
2029-07-15,9,6.2781356113731785,3,2,0,0,2,-0.3870709731930736,1,11
2029-07-22,13,9.233720253286837,2,2,1,0,2,-3.715241258680631,5,19
2029-08-05,24,9.219697404400303,5,3,1,0,1,-1.2974736093611794,3,21
2029-08-12,16,5.033537623191866,4,3,0,1,1,0.8058891470072064,5,15
2029-08-19,8,1.535321467975506,6,3,0,0,1,0.5494869460477972,5,8
2029-08-19,14,6.872362555655418,3,2,1,0,1,1.2628928253796605,1,16
2029-09-02,9,4.000310543049065,3,3,0,0,1,2.780510655023979,4,12
2029-09-02,6,9.036681325343446,4,2,0,0,1,-0.7993548564454143,5,17
2029-09-16,14,4.499663468267048,0,3,0,0,1,1.6850277929100086,7,10
2029-09-16,18,6.354581399027295,4,2,0,0,2,0.04427297076241233,5,13
2029-09-23,11,7.218562296411602,4,2,1,0,1,-1.1837507848264066,4,19
2029-09-30,21,2.6312522999639674,5,2,0,0,1,0.2703806819747718,6,9
2029-10-07,8,9.8415149906581,1,2,1,0,0,-1.341621804320558,5,18
2029-10-14,8,4.554912434941292,2,2,0,0,1,1.3144022025921074,4,10
2029-10-28,4,8.874454650424042,6,3,2,0,2,-0.9224092072244677,5,26
2029-10-28,8,1.040540328822598,3,2,0,1,0,2.3700392759048223,5,7
2029-11-11,5,8.18022134987747,2,3,0,1,1,0.09864967339911841,4,17
2029-11-18,14,3.8789161900098703,4,3,0,0,2,-2.0238306433823947,1,9
2029-11-18,15,1.2380221233790072,5,2,0,0,1,1.1578572971424697,5,8
2029-11-25,24,2.933691457824983,0,2,0,0,1,-6.508957882595416,2,6
2029-12-09,5,8.80246938547461,3,3,0,0,0,-0.2795978380214992,11,19
2029-12-09,13,2.4726160018921046,1,2,1,0,2,1.0407608301349573,10,10
2029-12-16,18,5.080335450437416,5,2,0,0,2,-3.680532769591137,4,14
2029-12-30,15,6.284195214257808,2,3,1,0,1,-3.7266287966079887,6,16
2029-12-30,22,8.657006412993944,1,2,0,0,2,1.4681358237117257,6,17
2030-01-13,17,4.7717897830386935,3,3,0,0,0,-0.04173852612442445,5,9
2030-01-27,23,1.477412930773255,3,4,0,0,1,0.5455932490635874,9,8
2030-01-20,24,8.23187599143785,4,2,0,0,1,0.21306993410756095,5,17
2030-01-27,15,1.9936854790905363,2,2,1,0,2,-0.8101858314738816,3,9
2030-02-10,5,4.820435494088816,3,3,0,0,2,-1.7432043963146002,9,11
2030-02-10,23,6.952243542951751,2,2,0,0,2,-0.43835451732193553,3,12
2030-02-17,16,8.988067646345723,6,2,1,0,1,0.5086312531074205,4,22
2030-02-24,11,2.5347735045439777,8,2,0,0,1,-1.9092362039001203,2,11
2030-03-10,21,3.8141439852501295,1,3,0,0,2,-3.816405156662129,4,8
2030-03-17,13,5.7668007433162005,3,3,1,0,1,3.355579509491004,6,16
2030-03-17,16,9.553417763338839,2,2,2,0,1,-3.0482938140920304,5,24
2030-03-24,15,3.6027383676928273,6,2,0,0,1,-1.7279596981521566,4,11
2030-04-14,16,2.008886593156829,5,4,0,1,2,0.962012407908504,1,8
2030-04-07,12,5.611957918694958,1,2,0,0,0,1.6547868706066016,9,12
2030-04-14,12,6.924554050835416,1,2,0,1,1,5.059855498503905,6,16
2030-04-28,17,7.066526074783262,3,3,1,0,0,2.311855603762571,8,20
2030-04-28,12,3.2686289816515437,4,2,0,0,1,-1.2665454094205453,3,8
2030-05-05,5,9.384084820071266,5,2,0,0,1,-1.0700733287831936,4,19
2030-05-12,7,2.144630702951982,2,2,0,0,2,1.4666964653780763,5,6
2030-05-19,10,1.1449739669440326,1,2,0,1,1,-2.925191521199425,2,6
2030-06-09,20,2.138907800767395,3,4,0,0,1,-0.500472331314149,7,7
2030-06-02,5,3.1313163470839234,4,2,0,0,2,-1.324402734248746,1,8
2030-06-09,20,9.492086954412793,0,2,0,1,0,2.2333625501350447,2,18
2030-06-16,20,2.6687063604445678,3,2,0,0,2,0.24545580202707246,4,7
2030-06-30,10,8.055276263807858,4,3,0,0,1,-2.340725495171173,9,18
2030-06-30,8,7.283052316751712,1,2,1,1,1,1.5703701646207524,7,17
2030-07-07,10,2.0042408181991727,2,2,1,0,2,2.9853196330142944,6,11
2030-07-14,16,2.4776646765072288,2,2,0,0,1,-1.394567360939628,7,7
2030-07-28,21,8.033708165797604,3,3,0,0,1,2.2367625642211606,6,16
2030-07-28,19,6.32722963977163,2,2,0,0,0,3.211239665130236,8,13
2030-08-11,16,8.52149436983084,5,3,0,1,2,2.0077508845649823,1,18
2030-08-11,14,7.52419244652476,3,2,0,0,1,-1.399930672081067,2,14
2030-08-25,8,8.316355648545434,0,3,0,1,1,0.35049038806512156,5,14
2030-08-25,24,6.043167766179657,0,2,0,0,2,-0.42133985361032533,8,10
2030-09-01,13,1.367065120919663,4,2,0,1,2,-1.0559880435312272,4,9
2030-09-15,11,8.718943573380308,2,3,1,0,1,2.0472737369778438,7,21
2030-09-29,20,1.9186743228948813,3,4,1,0,2,-2.453445154437102,4,9
2030-09-22,8,3.003843117041068,5,2,0,1,2,4.175491971750289,9,14
2030-09-29,22,3.2705106361915277,6,2,0,0,1,0.5478262579580226,4,8
2030-10-20,22,5.46467930650478,1,4,0,0,1,0.4902285687452357,7,12
2030-10-20,9,4.945958604653727,0,3,0,0,1,1.350594418754899,1,8
2030-10-27,11,4.67096434165323,3,3,0,1,2,1.4383373327108744,6,15
2030-10-27,24,8.127158845800132,3,2,0,0,1,1.7458657351509155,8,20
2030-11-03,18,1.5010553345857802,3,2,0,0,2,-2.2804193690446635,3,5
2030-11-17,16,3.7688957862070285,0,3,0,0,2,-2.2946830326426584,4,6
2030-11-17,5,3.9771549530293893,5,2,0,0,1,0.07393504109821634,12,13
2030-11-24,15,5.939575800341264,7,2,0,0,1,-1.1992799896424073,4,16
2030-12-01,8,7.41494614165214,6,2,0,0,2,-1.579037678220626,8,18
2030-12-15,7,2.901366252443768,5,3,1,0,2,1.1448906123102036,5,13
2030-12-22,23,8.093070459506972,4,3,0,0,1,6.552798690226,5,20
2030-12-22,15,8.001859833896088,4,2,0,1,2,-1.0093893794910929,5,18
2030-12-29,24,3.5772946109844272,3,2,0,0,0,-0.5698095332430618,2,7
2031-01-05,24,7.038772385372065,2,2,0,0,1,1.6145221126712845,9,15
2031-01-12,9,4.188214028703198,5,2,0,0,2,0.07155424399385583,5,11
2031-01-19,18,2.700368323884571,4,2,0,0,2,2.7310459608123763,10,11
2031-02-02,18,4.567205547707274,1,3,0,0,0,-0.8665616161984453,1,8
2031-02-02,22,1.8975358346803115,2,2,0,0,1,-5.547629879867833,8,6
2031-02-23,20,1.3546858176135093,1,4,0,0,2,-1.406712919474051,4,3
2031-02-23,17,9.451978284792165,2,3,0,1,2,2.0318744471271124,4,19
2031-02-23,5,1.6230711317106854,2,2,0,0,1,2.544533839829215,5,6
2031-03-09,3,1.9622787794183925,4,3,0,0,1,1.710403015496525,4,8
2031-03-09,14,4.42135127761903,3,2,0,0,0,-1.0258692035570056,5,11
2031-03-16,19,7.370758931087837,2,2,0,1,1,-1.3253526019831665,3,16
2031-04-06,22,2.8483136622098675,4,4,1,0,2,-1.6929956057378146,4,12
2031-04-13,5,8.226696709977102,6,4,0,0,2,2.5293138140450817,4,20
2031-04-06,4,7.050366459393095,3,2,0,0,1,5.443824295812986,6,18
2031-04-13,11,6.402277296401546,1,2,0,0,1,3.9611682368195775,5,14
2031-04-20,22,3.9602780038965193,1,2,1,0,1,-1.9944565748775522,8,11
2031-04-27,6,2.030555768220833,2,2,0,1,1,-0.00013970950825826562,4,8
2031-05-11,20,5.489659213698468,2,3,1,0,2,-1.282293268905732,4,14
2031-05-18,14,3.4145397598553906,5,3,0,0,1,2.3704693997703283,10,10
2031-05-18,8,3.4254104512002703,2,2,2,0,2,1.1543866343754559,5,13
2031-05-25,21,5.800554023561241,2,2,0,1,0,-1.2431908511028515,3,13
2031-06-01,3,1.1801055126589732,2,2,0,0,2,-2.1107724426834675,6,6
2031-06-08,9,6.626903804717635,3,2,1,1,1,-1.912117103366789,6,21
2031-06-15,22,8.9395005202393,3,2,1,0,2,-1.166004058912901,8,22
2031-07-06,21,1.0610699767914484,0,4,0,0,2,-4.1915066261919955,6,3
2031-06-29,7,4.8504111097442495,2,2,0,0,1,-1.5919407477009966,4,10
2031-07-06,4,6.064025866158778,4,2,0,0,1,1.5636424219309124,7,15
2031-07-13,8,9.671358507905552,4,2,1,0,0,1.4907445840035956,2,21
2031-07-20,3,6.526816641781315,1,2,2,0,2,-1.30131324267239,6,18
2031-07-27,22,1.7101164654208096,1,2,2,0,1,0.11023624657905788,11,13
2031-08-03,23,7.439553591590159,2,2,2,1,0,-2.6401543754746033,10,23
2031-08-10,16,7.078639934217645,1,2,2,0,2,-0.4820232592915617,6,19
2031-08-24,21,8.791308930916033,0,3,1,0,2,0.610001090419457,2,17
2031-08-24,24,6.041884624668505,6,2,1,0,1,-1.3042524741878059,9,18
2031-08-31,19,2.26693411994092,4,2,1,1,2,1.8195666902023255,6,14
2031-09-14,20,1.3397258527069005,2,3,0,0,1,1.0180567081359506,5,6
2031-09-14,3,9.179416278719172,0,2,1,0,1,0.0698249376524607,2,17
2031-09-21,9,2.4527528891881656,5,2,0,1,1,-1.9757318202795437,4,11
2031-10-05,21,3.563705178646837,0,3,0,0,2,2.159434014388521,2,8
2031-10-05,4,8.621047244519463,5,2,0,0,1,3.3058261024608435,3,21
2031-10-12,22,8.018368080608292,5,2,0,0,1,-1.4658520762170701,7,17
2031-10-19,22,4.641452946521768,3,2,0,0,2,3.7966807520922905,5,13
2031-11-02,24,6.760439172370507,4,3,0,0,2,1.9063525086587076,3,15
2031-11-09,22,8.659997432627993,6,3,0,1,2,-2.543565204323486,6,21
2031-11-09,4,7.36111453957133,2,2,0,1,1,0.7181101869607334,6,18
2031-11-16,6,7.5356392145181506,2,2,1,1,1,0.4552252530900034,4,19
2031-11-23,15,7.120987285899496,3,2,0,0,1,-2.3148315804308672,7,13
2031-11-30,17,5.102798501623898,6,2,0,1,1,2.1522154158039086,6,16
2031-12-07,8,1.6986869672481562,1,2,0,0,1,1.0412455303371178,5,5
2031-12-14,3,2.717285423016764,3,2,0,0,1,2.1690010605818513,4,8
2031-12-28,17,9.25370378978931,6,3,2,1,1,-0.008158943008062653,5,27
2032-01-04,7,8.07564402278392,1,3,1,1,2,2.322415343516057,8,21
2032-01-11,16,1.4772319392682969,2,3,0,0,1,-0.8644070280109408,8,5
2032-01-11,10,5.523758244779818,2,2,0,1,0,1.2245396202107852,5,12
2032-01-18,6,8.431043013815302,2,2,0,0,1,2.1989381620681145,5,16
2032-02-01,15,9.994284389734108,6,3,2,0,1,-0.949771751766012,4,26
2032-02-01,14,9.57242170390892,5,2,0,0,1,-0.8186811504372487,7,19
2032-02-08,21,5.155933297566511,6,2,0,0,0,0.7874851102857836,2,13
2032-02-15,19,3.119242753097894,2,2,0,0,0,-1.7285705238810716,6,9
2032-02-29,19,3.9427986091846536,4,3,1,0,1,-0.37445464301376047,5,14
2032-02-29,23,6.165553806939327,4,2,2,0,2,-1.0455465593625914,5,19
2032-03-14,16,4.6170883716037,4,3,0,1,0,1.5758625049921058,11,16
2032-03-21,22,2.653555063072936,2,3,0,0,1,0.8404606616980427,5,7
2032-03-21,24,5.929659185222231,2,2,0,0,2,-2.647299141684358,8,12
2032-03-28,22,4.574865738762075,4,2,0,0,1,2.1694884855079195,4,11
2032-04-04,18,4.314793438780585,5,2,1,0,2,0.46773020201849397,7,16
2032-04-11,23,5.6122723370756535,4,2,0,0,2,-0.8016580145658917,4,14
2032-04-18,15,3.2261623463596854,3,2,1,0,2,0.42885786082489447,7,12
2032-05-02,9,1.5850494046972567,4,3,0,0,0,-0.5031362560061937,6,7
2032-05-02,22,8.990363034684988,3,2,0,0,2,1.2074264810883923,4,19
2032-05-16,7,4.5454983822152615,1,3,0,0,0,-0.7573325720559021,5,9
2032-05-23,19,6.8188158890265935,2,3,0,0,2,1.369684388211182,7,13
2032-05-23,14,8.998717642764777,3,2,0,0,1,-2.14138508318105,7,16
2032-05-30,10,2.176284283734817,2,2,1,0,1,-0.5133090734045961,7,9
2032-06-06,13,6.71911461657001,4,2,0,0,1,-4.298793987322313,3,14
2032-06-13,17,4.27053231488914,5,2,1,0,2,-1.3989217470985553,6,14
2032-06-27,7,1.9402568723434261,2,3,0,0,1,-2.023751957052372,5,5
2032-07-11,18,5.249780547563578,7,4,0,0,1,-2.6762701802179616,6,14
2032-07-04,4,8.510087934025266,2,2,0,0,1,5.171950351367792,7,19
2032-07-11,13,4.9024543006858154,3,2,0,0,1,0.952914906643185,2,10
2032-07-25,22,2.9327829924257443,6,3,0,0,2,0.09839587562152542,5,10
2032-07-25,5,9.152887798865805,3,2,0,1,2,-0.6308576039493397,9,19
2032-08-15,12,2.264475833747215,2,4,0,1,2,2.308429784582948,7,9
2032-08-08,7,8.212350248879133,1,2,0,0,2,0.23195631656539423,7,16
2032-08-22,5,7.083026998374641,2,3,0,0,2,-2.7837486970378436,3,13
2032-08-22,6,9.161855486371476,3,2,1,0,1,1.696596358609736,11,23
2032-08-29,3,7.95469730091771,4,2,0,0,1,-1.4036751033808768,3,14
2032-09-05,17,1.30062705919691,1,2,0,0,1,-0.4655840007708945,3,4
2032-09-12,11,7.689692550762811,1,2,0,0,1,-2.5192666803617345,7,11
2032-09-26,17,3.8306581498819474,7,3,0,0,1,1.9428247153447193,2,11
2032-10-10,7,4.810827084821513,5,4,0,0,0,0.5950886128830981,10,15
2032-10-03,12,8.07490581946904,1,2,0,0,0,1.2323521700087734,5,15
2032-10-17,17,2.616704437349267,3,3,1,0,1,-1.7337691697669333,9,11
2032-10-17,21,2.7949630331189796,3,2,0,1,1,1.401305100053949,3,10
2032-10-24,17,8.517209929642021,3,2,0,0,2,0.09161593706319342,1,15
2032-10-31,18,9.981658594861177,1,2,1,0,0,-0.20039452244012235,4,19
2032-11-14,10,3.4403532505949763,2,3,0,0,1,0.4274125886764801,2,8
2032-11-14,24,5.162448466111943,3,2,0,0,1,-2.5866910326696617,7,10
2032-11-28,10,3.4717319183528463,3,3,1,0,1,-0.23314269290665732,3,11
2032-11-28,15,4.926480900756099,0,2,1,0,0,1.3043070523593963,3,12
2032-12-05,20,4.963165965039271,5,2,0,0,1,-0.6669545001870776,3,10
2032-12-12,22,3.6603921248639066,6,2,1,0,1,0.6881466290563231,3,13
2032-12-26,11,9.5066972178359,2,3,0,0,0,0.6655209572740207,3,17
2033-01-09,18,4.586893429288443,3,4,2,0,0,-0.5993055513296254,0,16
2033-01-16,17,6.3786609387600395,2,4,1,0,2,3.0448778195130903,8,17
2033-01-09,12,4.907967365515757,1,2,1,0,2,-3.074092168780091,2,10
2033-01-23,3,5.332918113618449,0,3,2,0,0,0.9461653439901144,7,15
2033-01-23,10,8.930776056000768,3,2,0,0,0,-1.4617312403674418,4,16
2033-01-30,14,5.772227737296184,5,2,0,0,1,0.9783567012755874,10,14
2033-02-13,5,6.697617488785964,4,3,0,0,1,3.8311047449713027,4,15
2033-02-13,9,1.7306900834538805,3,2,0,0,2,-1.793171081294383,8,7
2033-02-20,5,7.080398813567125,7,2,2,0,0,3.7338618553488256,5,25
2033-02-27,24,2.443544875055307,2,2,1,0,2,-2.8341531158436446,4,10
2033-03-06,18,8.236205105672179,3,2,2,0,0,0.5479275125057559,6,22
2033-03-13,6,1.9177153206663116,1,2,0,0,0,0.39009522031815785,7,7
2033-03-20,17,4.019749222149085,1,2,0,0,1,-2.5078770824673438,5,8
2033-03-27,5,2.150141394320398,4,2,0,0,1,-1.5272617326571511,8,7
2033-04-17,12,2.1766126551206497,3,4,1,0,2,-2.053250965768358,3,9
2033-04-10,7,8.19068412280371,3,2,0,0,2,2.741033671289309,5,19
2033-04-17,18,7.441088321103192,4,2,0,1,2,3.3283841095677986,3,18
2033-04-24,20,8.333128014723064,2,2,1,0,2,1.5444598669665828,8,19
2033-05-01,19,8.957324916871496,4,2,0,0,0,-0.3376693164730963,5,18
2033-05-15,14,7.6060391553964415,1,3,1,0,0,-0.11924369936625795,9,17
2033-05-15,3,6.39111373403151,3,2,0,0,1,-1.6717405112366117,6,12
2033-05-29,12,3.3802494178329714,2,3,2,0,1,-0.14766150475905257,4,14
2033-05-29,23,1.0503474029368256,0,2,0,0,2,-1.686596622569905,7,4
2033-06-19,15,8.81655823616852,7,4,0,0,2,-0.7425806028607388,5,19
2033-06-26,14,8.83094912509694,4,4,0,0,2,-0.2593461040572014,3,15
2033-06-19,16,9.938537106384995,3,2,0,1,2,-0.8978167746260127,5,20
2033-06-26,18,4.871672801006617,4,2,0,1,0,-0.3901232929933243,8,16
2033-07-17,19,8.98060952751314,2,4,1,0,2,1.218477661779506,7,20
2033-07-10,3,1.133471461885371,4,2,0,0,2,-3.3042882637776336,9,6
2033-07-17,9,2.0698399503837663,6,2,0,0,1,-2.7485491111094595,6,6
2033-08-07,21,7.806986078321431,3,4,0,0,2,1.2738161580059708,4,15
2033-07-31,12,5.053968958833399,6,2,0,0,1,1.2595214637473033,5,14
2033-08-07,11,4.006694956760625,4,2,0,0,2,0.5843376564146522,7,11
2033-08-14,14,1.9002850396043836,2,2,0,0,0,-0.3238762931265232,4,6
2033-08-21,22,6.155728764566856,4,2,0,0,2,-1.4628050044067296,4,15
2033-08-28,24,9.031046231987276,2,2,0,1,1,-0.5978825425372114,6,19
2033-09-04,15,2.5709129515314686,1,2,1,1,1,-3.3423746657932654,7,13
2033-09-18,5,7.771978058032478,1,3,0,0,0,2.9542919733269963,5,16
2033-09-18,12,7.539472190631475,3,2,0,0,1,-0.4220965303165118,3,14
2033-10-09,9,3.9073922615674217,2,4,0,1,0,-0.8355788981581307,4,10
2033-10-02,4,8.267999958993709,1,2,0,0,1,-1.425157325734655,5,15
2033-10-09,23,2.0680524286462365,0,2,0,0,1,-0.4108088601666438,12,7
2033-10-23,23,6.354715216073232,6,3,0,0,0,-0.6342056651479314,7,15
2033-11-06,3,5.078410698745238,5,4,0,0,1,0.44729841058441905,8,12
2033-11-13,24,7.778920948649895,4,4,0,0,0,-0.7098965334813165,4,18
2033-11-20,19,8.407860222660704,3,4,0,0,0,1.6156129170906128,11,19
2033-11-20,5,5.693397595353005,3,3,0,0,0,-1.8714149029385023,5,12
2033-11-20,11,6.534407601254327,2,2,2,0,2,2.2468545741915236,9,21
2033-11-27,12,4.93100094719132,2,2,1,0,1,0.6604917670358669,2,12
2033-12-04,16,7.667284282594697,5,2,0,0,2,-0.9328983838137389,1,15
2033-12-25,23,9.00314323774143,4,4,0,0,1,-0.5444597687397162,5,16
2033-12-18,24,7.117076180265713,3,2,0,0,2,0.9094087928335488,5,14
2033-12-25,20,6.891688233253857,0,2,0,0,0,1.814035927339308,8,14
2034-01-08,3,2.4032665869654437,2,3,1,0,1,-2.9206048704184453,7,10
2034-01-22,10,5.4764302996834875,3,4,1,1,1,1.9126320789160964,2,18
2034-01-29,17,5.406048156048452,3,4,0,0,2,1.6739823092673474,5,13
2034-01-22,19,5.752525797029121,3,2,0,1,2,1.6453648531482876,3,15
2034-01-29,13,8.678366289721065,6,2,0,0,1,0.7786562171492111,2,19
2034-02-05,17,3.864676472500021,3,2,0,0,0,-2.1362724041290413,4,9
2034-02-19,6,8.035500393891638,0,3,0,0,1,-4.97132760314214,6,12
2034-02-19,24,4.138298282252666,3,2,1,0,1,-2.729423878734617,4,10
2034-02-26,4,1.5829497957268157,3,2,1,0,1,-1.715466353210039,7,9
2034-03-05,18,7.008256196187046,4,2,0,0,1,-1.9066971226299132,7,14
2034-03-26,7,3.4531582232231335,5,4,0,0,1,-2.498254114473623,6,10
2034-03-26,8,3.310674412073944,2,3,1,0,0,1.9409769192267599,10,12
2034-04-02,22,9.09891568514037,2,3,0,0,1,-2.500506803840688,3,16
2034-04-02,21,8.217283530303844,4,2,1,1,2,0.6241242634534768,3,22
2034-04-09,18,5.263167343630343,5,2,0,0,1,-0.5968773663960896,9,14
2034-04-16,11,9.465728957256188,2,2,2,0,2,-0.9732623763785383,3,22
2034-04-23,9,7.432225605232812,3,2,0,0,0,1.186857747311106,2,14
2034-04-30,23,5.095465343273247,3,2,1,0,1,2.3884289660279836,5,17
2034-05-14,23,6.426528676215438,5,3,0,0,0,1.947508248379136,6,16
2034-05-21,24,7.606576315207971,4,3,2,0,1,1.730142978949924,5,22
2034-06-04,16,4.660516935766886,3,4,1,0,1,-2.289855995410547,1,13
2034-05-28,5,7.609361308090964,1,2,0,0,1,0.14020664729460378,5,13
2034-06-04,9,6.244493283854009,3,2,1,0,1,1.9757231648130185,4,17
2034-06-11,21,3.6878141222806744,4,2,0,0,1,2.3435038729462154,4,11
2034-06-18,23,2.305588551763812,2,2,0,0,1,3.562235981478606,5,7
2034-07-02,24,8.414178538915309,4,3,0,0,2,-1.50623466124116,5,16
2034-07-02,7,9.962610415446456,3,2,0,0,1,-1.720599684383229,4,18
2034-07-09,15,4.757705254967773,4,2,1,0,1,-0.3339176613059004,5,13
2034-07-16,17,7.033626019147277,1,2,0,0,0,1.8899782067373074,9,15
2034-08-06,11,6.0114133979422375,3,4,0,0,1,2.228180573655091,4,13
2034-08-13,4,9.58290805866944,3,4,0,0,1,2.909499070741177,9,22
2034-08-06,21,5.789529647705629,6,2,0,0,1,1.9960904432719548,4,15
2034-08-13,7,1.5095347582125107,1,2,0,0,2,-1.7876328611632253,4,3
2034-08-20,8,2.069552209545635,2,2,1,0,1,0.8262502419678879,2,8
2034-08-27,4,3.13433265912852,3,2,2,0,1,1.0560720090959286,4,14
2034-09-10,8,4.199818287073676,2,3,0,0,0,-0.02041659322107583,8,10
2034-09-24,18,2.631230254595395,3,4,0,0,1,0.6912406893028917,5,8
2034-09-17,14,3.2982906386826993,3,2,0,0,1,-1.4014223283751477,7,10
2034-09-24,3,2.5936382972434577,7,2,0,0,2,1.7364585069991487,6,11
2034-10-15,10,7.069969642301817,3,4,0,0,1,-1.5496043562710582,3,13
2034-10-22,5,1.8911748060564246,3,4,1,0,0,-1.5404933279947175,4,10
2034-10-15,23,7.9683451158920615,5,2,0,0,1,1.3886527622985978,5,20
2034-10-29,4,9.202844969678328,2,3,0,1,2,2.294998493157034,2,17
2034-11-05,6,9.440352687093057,0,3,0,1,1,-1.5485398448081094,7,18
2034-11-05,7,4.9056096312093995,1,2,0,0,1,-2.101784464797392,6,11
2034-11-19,12,7.235275544641905,4,3,1,0,1,-1.8006338162361684,1,17
2034-11-19,15,5.537591383042387,7,2,0,0,2,-4.322722185250718,1,14
2034-11-26,19,1.8959323465799385,2,2,0,0,2,0.78776699195174,3,6
2034-12-03,8,8.556664488120928,5,2,0,0,0,2.4848745730513815,3,18
2034-12-10,6,9.775917109901803,2,2,1,0,1,-1.9777446952711677,6,20
2034-12-31,14,8.524062997501149,0,4,0,0,1,-1.034544400704111,4,13
2034-12-31,16,8.760445564176454,2,3,1,0,1,-1.4329458021331691,4,20
2034-12-31,16,8.219299402922362,1,2,1,0,2,0.9297584416320891,5,19
2035-01-07,12,5.651205352215616,4,2,2,1,1,-0.7833412190080649,3,18
2035-01-28,4,2.1350446367016995,4,4,0,0,1,1.4809792008210656,4,7
2035-01-28,3,4.750030748857334,4,3,0,0,1,-3.6381020306050953,5,13
2035-02-04,23,6.7981726074338376,0,3,0,1,2,-2.0787432118619593,5,12
2035-02-11,8,1.0234671705337037,6,3,0,0,2,0.7496109945468744,6,6
2035-02-18,23,7.603196133482712,5,3,0,0,1,1.5010369683151068,11,17
2035-03-04,7,5.134948719565407,3,4,0,0,1,0.5763000830805093,4,11
2035-02-25,17,3.6190302706025337,5,2,0,0,2,-1.579107371032642,8,12
2035-03-04,17,1.5903177819817342,4,2,0,0,1,-2.28871273293391,3,5
2035-03-11,13,6.36347436157634,2,2,0,0,1,0.820859774501805,1,12
2035-03-18,16,6.2167550998061785,1,2,0,0,2,3.9167820353456793,4,12
2035-03-25,10,4.337237777903628,3,2,0,1,1,-1.2199078211811116,6,13
2035-04-15,4,9.44306497537032,2,4,2,1,1,-1.3920324411039346,5,25
2035-04-08,12,9.857256823375625,3,2,0,0,0,0.4417897360148072,6,19
2035-04-15,20,7.555251724630502,1,2,0,0,0,2.910842776130534,6,13
2035-05-06,8,8.654076260054113,1,4,0,0,2,-0.386310449699158,4,13
2035-04-29,20,9.746419822114653,3,2,2,0,2,0.6279113735412463,4,23
2035-05-06,10,5.2521429596855285,1,2,0,0,1,3.0696196122077155,5,9
2035-05-13,19,4.3720560085778395,1,2,1,0,2,1.290134653015113,4,13
2035-05-20,24,2.292197171037357,7,2,0,0,1,2.9904289957371395,5,12
2035-06-03,15,6.322354930012651,4,3,0,0,0,0.18863304255686225,4,12
2035-06-17,9,1.2336491651852886,1,4,0,0,2,-3.807518811289187,9,4
2035-06-24,3,1.3582511489987859,3,4,0,0,0,0.19201853599409993,5,6
2035-06-24,11,5.448469252655121,1,3,0,0,1,-2.093826192687571,5,9
2035-06-24,6,9.525043246120397,4,2,0,1,2,-1.65864074872274,5,21
2035-07-01,7,7.120511873694076,5,2,0,0,2,-1.6990422914208798,3,15
2035-07-22,17,1.1229205278347199,1,4,1,0,0,2.914446150131912,10,10
2035-07-22,5,2.9411768251888364,3,3,1,1,2,0.5725025426015522,6,12
2035-07-22,17,6.37051903593277,3,2,0,1,1,2.260568683059729,3,15
2035-08-12,20,2.091742341086473,1,4,0,0,1,-1.6005865632147533,2,4
2035-08-05,3,5.652556987020469,3,2,1,0,0,-0.5541499523725292,6,15
2035-08-19,13,9.865087730465017,1,3,0,1,1,-3.3443710181522643,7,18
2035-08-19,15,8.04197471680174,4,2,0,0,2,-5.946612342585115,5,15
2035-09-02,12,1.1601819704885434,4,3,0,0,1,-2.187758457285225,5,6
2035-09-02,21,8.705171983177413,2,2,1,0,2,1.2496356461077505,3,19
2035-09-16,19,7.713299075430464,4,3,0,0,1,-2.1616343811335774,8,18
2035-09-30,7,7.685679080029567,0,4,0,0,2,-1.0316706371683286,2,12
2035-09-30,11,7.673861232528699,3,3,2,0,1,1.3082321089325264,4,20
2035-10-07,6,7.838262163902878,3,3,0,0,0,0.36551435737165294,6,17
2035-10-14,8,2.704129512668728,5,3,0,0,1,2.9426299555198905,9,12
2035-10-14,11,6.163502935308184,5,2,0,0,1,-0.27047527128144316,4,13
2035-10-21,18,4.7741229453331595,3,2,0,0,2,2.8672626887811137,4,13
2035-11-04,24,8.624885388160497,7,3,1,1,1,-1.1945578716924954,4,25
2035-11-11,17,3.9719110305353134,3,3,0,1,2,1.6867065678294118,3,11
2035-11-11,19,4.781210987647904,9,2,1,0,1,1.4478239335179734,4,18
2035-11-18,19,1.3986344852388348,2,2,0,0,1,-2.222979137704807,6,5
2035-11-25,16,4.90188792523421,3,2,0,0,1,0.6699671109958494,5,13
2035-12-02,11,9.33878596689193,0,2,0,0,1,0.621942427825429,9,17
2035-12-16,7,2.533898816919964,2,3,1,1,2,1.6508291956461698,2,10
2035-12-30,13,9.810476309632397,4,4,1,0,0,-6.349497876266953,4,21
2035-12-23,15,6.085159920154995,8,2,0,1,1,-0.5703768934873189,2,19
2035-12-30,13,5.396665185377436,5,2,0,0,0,0.6059437471745663,7,13
2036-01-06,9,2.8801668882063423,3,2,0,0,1,1.8807480738315736,6,9
2036-01-13,15,1.8598204842548047,3,2,0,0,1,-0.9171719355757121,8,7
2036-01-27,19,9.038859296957577,5,3,1,0,2,1.4246705336267345,0,21
2036-01-27,19,7.966188306685728,0,2,0,0,1,1.9645424707432322,8,15
2036-02-03,22,9.410663965639282,1,2,1,1,1,0.1448300754570086,6,21
2036-02-10,3,3.760017672818048,5,2,0,1,2,-2.570175939733052,3,12
2036-02-17,13,1.5007669541896413,4,2,1,0,1,1.7184878327041813,4,9
2036-03-09,7,5.708602088555506,5,4,0,0,0,0.6987271069647595,4,14
2036-03-09,18,1.7868942774427823,4,3,0,0,1,-0.9603245663860889,4,7
2036-03-09,14,1.9905238039385935,2,2,0,0,1,-2.1598058857834745,4,5
2036-03-16,21,5.345843091006192,2,2,0,0,0,-0.505102239819694,7,10
2036-03-23,5,9.046491514319301,4,2,2,0,1,-0.40633705796935776,5,24
2036-04-06,18,4.0640562598924515,3,3,2,0,2,1.0503386265243368,4,13
2036-04-13,4,4.416318223792609,0,3,2,1,2,-0.519670232200728,3,15
2036-04-13,11,3.8683239036524513,6,2,0,0,2,-0.6916428461420892,3,11
2036-04-20,13,5.242313401313416,6,2,0,0,2,2.654159502786809,4,12
2036-04-27,4,3.0647079211114567,4,2,1,0,1,2.2475462166972067,9,15
2036-05-04,23,8.637650188488802,3,2,0,0,1,2.726726700147118,5,17
2036-05-11,3,2.266258814746717,2,2,0,0,1,-1.6276272838578587,11,8
2036-06-01,18,1.1543333861652512,3,4,0,0,0,2.5010190981295963,2,5
2036-05-25,14,1.5998661741523672,4,2,0,0,2,0.25833501259146496,5,6
2036-06-08,15,3.4588315544520922,6,3,0,1,1,0.37218604175187053,7,15
2036-06-08,14,5.358277506070195,3,2,0,0,1,0.6086673437875015,4,11
2036-06-22,17,7.885388709734407,3,3,0,0,0,2.432013077822953,6,16
2036-07-06,10,3.424316906824245,1,4,0,0,1,-2.8931949031394457,8,7
2036-06-29,12,5.802421613728851,3,2,0,0,1,0.6118401420948258,7,13
2036-07-06,4,2.359314932472335,3,2,0,0,1,-0.2157299969858923,10,9
2036-07-13,18,7.85337117697088,3,2,0,1,1,3.5319684280156722,9,21
2036-08-03,22,8.730210934860771,8,4,0,0,1,-2.149355195966213,8,22
2036-08-03,20,3.0681611524473342,0,3,0,0,1,1.59570926908406,8,7
2036-08-03,24,6.671670121491152,5,2,0,0,0,-2.3096457354525644,7,15
2036-08-10,17,1.6047738829244182,6,2,1,0,1,-1.7361053582025534,6,11
2036-08-31,19,4.740035789109848,4,4,0,0,2,0.706633414503387,4,10
2036-08-24,5,2.8324244416118933,2,2,1,0,1,2.9232676384091825,4,9
2036-08-31,10,1.2633589825059897,2,2,0,1,1,-0.4541598762324338,7,8
2036-09-07,9,5.815961020005431,4,2,0,0,1,-1.107375031848206,7,13
2036-09-14,17,7.523482361718781,5,2,0,0,1,-0.7382260398455276,5,17
2036-09-21,21,1.9340373535900468,3,2,0,1,1,-1.0259484879356235,3,7
2036-09-28,8,2.3108688195792086,3,2,1,0,1,0.3012907576375182,7,12
2036-10-05,12,7.146654341878584,4,2,0,0,1,-2.8878578449844543,3,14
2036-10-26,6,1.2891777950433796,6,4,0,0,1,1.6829958124378834,7,8
2036-10-19,19,5.246586773538524,3,2,0,0,1,-0.34562670378681265,6,10
2036-10-26,20,1.2862497811045719,3,2,0,0,0,1.2538883272063583,5,7
2036-11-02,14,1.252047875252126,2,2,0,0,1,-4.624374005876594,2,3
2036-11-16,18,2.1325482146230224,4,3,0,0,2,0.7927966037130749,4,7
2036-11-16,13,7.8888899507029455,2,2,1,0,2,0.26788376590402635,3,16
2036-12-07,19,6.7796147075528355,5,4,0,0,1,-3.3244705439621858,5,14
2036-12-07,10,9.995131604677619,4,3,2,0,1,-2.24639428067956,5,26
2036-12-07,4,2.131434170062086,4,2,2,0,2,-0.4463859058524073,5,13
2036-12-21,11,2.8925451342884356,1,3,1,0,1,-3.7507567998364486,6,10
2036-12-21,24,5.696447269274604,2,2,1,0,0,2.285660679112469,4,15
2037-01-11,6,3.378338900646901,6,4,0,0,1,5.292461846529029,13,17
2037-01-04,18,8.193043956623743,1,2,0,0,1,0.995460219117984,7,15
2037-01-18,24,7.645191424374545,5,3,0,0,1,-1.1122153752862713,4,15
2037-01-25,3,4.615385800720061,4,3,1,0,1,2.0461007469402857,6,15
2037-01-25,18,4.0166481629689175,2,2,0,0,2,-0.16989496258922718,7,9
2037-02-15,8,2.5176538979658583,2,4,0,0,1,-0.45337285740233924,3,4
2037-02-15,12,7.4784728057495835,3,3,0,0,1,-0.4084809793303436,6,16
2037-02-22,3,8.587989609187623,0,3,0,0,1,0.927446115114229,5,13
2037-02-22,5,2.9601190001114137,8,2,0,0,1,0.3386760921124056,5,11
2037-03-08,5,2.375999610803167,3,3,0,0,1,0.7347206982949733,6,9
2037-03-15,20,4.148857816301385,3,3,0,0,1,-0.16549796762306584,2,10
2037-03-15,23,5.007876564013767,1,2,1,0,2,0.10240782114792904,5,11
2037-03-29,4,2.812961169301296,3,3,0,0,1,0.4614286450523134,11,10
2037-04-05,14,1.625570168636739,1,3,0,1,0,-2.6194639487352642,6,7
2037-04-05,21,5.862941805178497,5,2,0,0,2,1.879257693855461,6,15
2037-04-12,17,7.520143809262706,1,2,0,0,1,2.0098605881357665,6,14
2037-04-19,14,8.098968127378868,2,2,0,1,2,2.006976334048652,8,18
2037-05-03,15,7.900052368025386,4,3,1,0,1,-2.732354418417884,6,19
2037-05-03,17,9.057689539380522,3,2,0,0,1,-0.3910097020312872,6,18
2037-05-10,14,6.911146041670286,3,2,0,0,2,-1.174864028577989,8,14
2037-05-17,23,7.457262483397703,6,2,0,0,2,2.462705319236336,7,19
2037-05-24,21,7.101982137183261,1,2,0,0,2,-4.7118378498646445,7,12
2037-05-31,5,1.3358679721755797,3,2,2,0,1,-3.723632342926991,7,12
2037-06-07,12,6.547206912391224,5,2,2,0,2,1.5675538113100236,5,22
2037-06-14,5,3.4230986071688454,4,2,0,0,1,1.4194034377551736,3,9
2037-06-28,10,1.7029387361882156,3,3,0,0,1,-1.2417684783745275,2,7
2037-07-05,13,1.4587663221249523,3,3,1,1,1,-4.546344405093664,7,11
2037-07-05,16,6.508986197507724,3,2,0,0,1,1.9710843481527303,10,16
2037-07-12,17,1.4303471746902563,3,2,0,1,1,0.5658760709217391,6,7
2037-07-26,10,5.936260790578566,3,3,1,0,1,2.4544894851895065,3,17
2037-08-02,14,9.643935735447013,2,3,0,0,2,1.8874277544518483,5,19
2037-08-09,24,2.1887090411258536,5,3,0,0,1,0.5573256506097065,4,9
2037-08-09,15,3.9077987256509705,1,2,1,0,0,-2.5599625472515912,4,10
2037-08-16,7,3.6994893113241227,5,2,0,1,1,-2.4715568332609927,8,13
2037-08-23,3,2.624347072613194,3,2,2,0,1,0.5401688226955281,4,14
2037-08-30,11,2.24130690787333,4,2,0,0,1,-0.09806238762959592,2,7
2037-09-13,5,1.2416675863072808,1,3,0,0,1,2.5546028759968906,3,2
2037-09-13,15,1.3521902903547343,2,2,0,0,0,1.066650061228695,4,5
2037-10-04,8,2.226495743823851,0,4,2,0,0,-0.8564848482557007,3,9
2037-10-04,6,5.839937000151486,1,3,0,0,1,1.3693150820060942,4,9
2037-10-04,18,1.3093138531121324,3,2,0,0,1,0.8697958622987804,5,7
2037-10-11,23,9.68340812925023,2,2,1,0,2,-0.9669562699887538,3,19
2037-10-18,24,3.920543025580086,4,2,0,0,1,-0.4345751990981941,1,8
2037-11-01,5,5.54801788879429,5,3,0,0,1,2.394977080076349,4,14
2037-11-01,16,7.626745143828196,0,2,0,0,2,1.4372439199252633,2,12
2037-11-22,12,4.247964212448763,6,4,0,0,1,1.794673491409876,6,14
2037-11-15,16,9.017718530569415,2,2,1,0,2,0.4928343462452348,5,20
2037-11-22,5,8.674630711587383,1,2,0,0,1,2.846529842131322,2,15
2037-12-06,5,4.041112831975568,6,3,0,0,1,6.568236402575768,7,17
2037-12-06,16,2.004373180062687,2,2,2,0,1,-0.5347436882630731,6,12
2037-12-13,24,6.091551202098631,3,2,0,0,1,3.2148386941627005,7,16
2037-12-20,23,3.404660654536169,6,2,0,0,2,0.6958842339972436,4,12
2037-12-27,11,3.4685233860261873,5,2,0,1,1,0.3164884389695944,3,11
2038-01-03,16,4.042998286625189,2,2,0,0,0,0.7390262326328482,3,9
2038-01-10,19,9.577668899998564,5,2,1,0,0,1.8673585432899547,8,26
2038-01-17,21,7.214559688100223,0,2,0,0,1,-0.7768224819775503,2,11
2038-01-31,22,6.925829897774037,4,3,1,0,1,-0.2806639577646726,7,18
2038-02-07,7,6.277456198836086,5,3,1,0,1,1.6010240797997084,4,17
2038-02-07,11,6.710320658561322,2,2,0,0,2,0.020975965347750886,9,12
2038-02-28,13,1.0583927540247382,6,4,0,0,1,1.812277836182756,4,9
2038-03-07,12,2.1138459947560992,2,4,0,1,0,-3.611136507970406,5,9
2038-02-28,4,4.400364554604145,3,2,0,1,1,-0.5728411899651155,5,12
2038-03-14,7,5.646097881422462,2,3,0,0,1,1.8746919561914002,5,10
2038-03-14,24,7.308360726844888,0,2,0,1,1,-2.7149222712615697,3,13
2038-03-28,20,8.008071984047403,5,3,0,0,2,3.966747198845148,7,20
2038-03-28,15,6.950388427471837,5,2,0,0,2,0.527638171358682,4,16
2038-04-04,6,7.466799636730327,3,2,0,0,1,-3.0720818610091287,7,14
2038-04-11,20,4.401893045889655,2,2,0,0,1,-3.9480156045312835,5,8
2038-04-18,9,9.567708600730628,5,2,0,0,2,-1.4381291275599462,6,20
2038-04-25,6,6.62687489568637,6,2,1,0,1,4.1398954781393575,6,22
2038-05-16,24,8.520172206193855,1,4,0,0,1,-3.0236161150583905,7,15
2038-05-16,9,4.447345153764356,3,3,0,0,1,0.13218849259795182,7,12
2038-05-16,16,2.4767495669454,1,2,1,0,1,1.5294645723382654,0,7
2038-05-23,23,8.360866572314253,3,2,0,0,2,-1.6054434324498328,2,17
2038-05-30,21,7.345191335471729,1,2,0,0,1,1.1391930280296725,5,12
2038-06-06,14,1.428511405847393,2,2,0,1,1,-0.6251046180439084,7,9
2038-06-27,19,4.251355561633554,0,4,0,0,0,0.6596776681262664,7,9
2038-06-20,18,2.2652121579677407,1,2,0,1,2,5.601753895218782,0,9
2038-07-04,11,5.656437629632406,0,3,1,0,2,4.685893484920204,11,17
2038-07-11,10,4.555796701209696,2,3,0,0,1,2.6308804364499223,7,14
2038-07-11,4,8.85792309048037,2,2,0,0,1,-1.6105042779977436,7,18
2038-07-18,21,3.3620326026745615,2,2,0,0,2,1.5719481977309209,1,8
2038-07-25,4,5.549870347959618,4,2,0,0,1,-0.6668460868016319,3,13
2038-08-08,13,4.939986799525091,0,3,1,0,1,2.736089866446548,4,12
2038-08-08,21,5.552805686758195,2,2,1,0,1,1.5740669438996946,10,15
2038-08-15,13,4.274218975891014,2,2,0,0,1,0.09162386980253787,3,10
2038-09-05,9,2.2907675101264746,1,4,0,0,2,0.6258359778023431,8,7
2038-08-29,11,6.827992998880802,4,2,1,0,2,-1.5578319025800542,2,16
2038-09-05,17,1.2608823708438228,3,2,0,0,2,1.0950530608712403,7,7
2038-09-19,18,9.59299797182694,3,3,0,0,1,-0.9699110897552299,6,16
2038-09-26,18,6.101328932818108,5,3,2,1,2,3.044893450526808,8,25
2038-09-26,19,7.3371011880919115,1,2,2,1,1,-0.3554317325402911,4,19
2038-10-17,23,8.386192018848266,1,4,0,0,0,-1.3955311571262996,9,16
2038-10-10,8,6.5958344748585755,2,2,0,0,1,0.08604897003025354,3,13
2038-10-31,3,2.081723873009848,3,4,0,0,2,-0.049660628253294196,7,8
2038-10-24,4,7.16865960736289,3,2,1,0,2,0.9086628663044574,5,17
2038-10-31,4,8.656576161274335,1,2,0,1,2,-0.10316251443115608,3,15
2038-11-07,12,6.950718097587442,4,2,1,1,1,1.2673240425848185,7,21
2038-11-14,6,7.727754878759236,4,2,0,0,2,-2.3576551783301167,5,16
2038-11-21,24,1.9469662672764185,3,2,0,0,0,3.5033489075557878,4,10
2038-12-12,16,5.989255177080461,3,4,0,0,1,-0.7990925153732058,2,11
2038-12-05,16,3.28761166819237,0,2,0,0,2,-1.708709014125124,4,7
2038-12-26,12,1.9273341787759044,5,4,0,0,2,1.533089503542329,4,8
2038-12-19,19,1.3479704756028994,1,2,0,0,0,-4.515673577084095,4,3
2039-01-02,5,2.0801165997320266,3,3,1,0,1,2.274699535895172,3,10
2039-01-09,7,9.569114903177836,8,3,1,0,1,0.03861505845226092,9,25
2039-01-09,22,1.356138656302184,3,2,0,0,1,1.0222214781441934,7,6
2039-01-16,21,6.77812226207717,2,2,0,1,0,-1.0750205416900882,5,14
2039-01-23,22,1.8814452884457036,5,2,0,0,2,1.0297504726589206,3,8
2039-01-30,5,1.0180634125507664,3,2,0,0,0,-1.5702161312860612,8,6
2039-02-06,15,2.9423006777679235,3,2,0,0,1,1.2107571116270437,6,9
2039-02-20,5,2.9628291556581927,4,3,0,0,1,-0.3785255066926444,6,8
2039-02-20,18,5.641624939729329,2,2,0,0,2,0.044135401873727,6,9
2039-03-06,18,2.8004430983173743,2,3,0,0,1,3.3246654897093357,4,8
2039-03-13,8,3.541638959612779,6,3,1,0,1,0.008740503165933054,7,14
2039-03-13,18,2.9568067402079183,2,2,0,0,1,-2.010258803129061,7,8
2039-03-27,7,5.052515345780867,6,3,0,0,0,-1.8056434997512774,5,14
2039-03-27,24,5.319608441169814,4,2,0,0,1,3.0309593313752217,9,15
2039-04-03,8,6.3557104195346925,5,2,1,0,1,-4.59509301846548,4,18
2039-04-17,16,6.8012100629278205,1,3,1,0,1,0.8310797026204197,6,15
2039-04-17,8,4.655548116203374,6,2,0,0,1,-1.5337390502358235,4,11
2039-04-24,12,9.43035439044003,3,2,0,0,0,-1.6949006340013995,4,19
2039-05-01,16,8.9702631048573,2,2,0,0,2,1.8891222910232432,6,18
2039-05-22,8,9.366875900115005,0,4,0,0,1,4.8835771706595414,5,17
2039-05-15,9,6.34488602828699,3,2,2,0,1,1.501921121497755,3,18
2039-05-22,16,6.0508508778898245,3,2,1,1,2,4.461636543622302,8,21
2039-05-29,18,6.416262030689845,2,2,0,0,1,-2.3200671763855816,4,10
2039-06-05,13,4.197119655974523,4,2,0,0,1,1.4369805946342589,8,12
2039-06-19,12,7.551121448013335,6,3,0,1,2,-0.7393306959516853,4,19
2039-06-19,6,2.046211774209442,4,2,0,0,0,-5.123503124116037,3,6
2039-07-03,15,1.1625997158627772,3,3,1,0,2,1.790791321375515,6,8
2039-07-03,23,5.101356559782677,1,2,0,0,1,-4.263613568504307,3,9
2039-07-10,18,1.5518888455156103,3,2,0,1,0,-1.0113990308976908,4,7
2039-07-24,23,5.555530770896823,3,3,1,0,1,3.6363176733515745,4,17
2039-07-24,7,4.159686148689144,6,2,0,1,2,0.26923602067737973,3,14
2039-08-07,8,7.971042249231285,3,3,0,0,2,0.22067086631875163,4,16
2039-08-14,4,9.103647867085606,2,3,2,0,0,4.470854869513921,6,26
2039-08-28,10,6.124122500437469,5,4,2,0,2,0.633352183293269,6,19
2039-08-21,15,2.078005418952049,3,2,0,0,0,-1.0350669778263888,8,9
2039-09-04,20,4.053813365737723,6,3,0,0,1,-0.7090129760499655,3,12
2039-09-18,15,6.497032204701525,5,4,0,0,2,-1.9793185750225373,3,13
2039-09-11,7,3.980491787998309,0,2,0,0,1,4.2248687690576965,6,10
2039-09-18,18,3.1059683091156502,1,2,0,0,0,2.8058095679243804,2,7
2039-09-25,4,9.971428931301164,1,2,0,0,2,-2.572242323923145,6,18
2039-10-02,24,5.929441373613123,2,2,1,0,0,0.26746385319069427,4,12
2039-10-09,8,1.4963601172505216,2,2,1,0,2,-0.9471442198784188,5,7
2039-10-23,17,6.631023969324158,2,3,0,0,0,1.5966264738022755,3,13
2039-11-06,24,9.604071320645813,1,4,0,0,0,1.8894701066899224,4,16
2039-10-30,5,6.046723700863884,3,2,0,1,2,5.376028580982118,8,19
2039-11-13,7,1.8821388868910687,7,3,0,0,2,1.05274627023974,2,9
2039-11-13,17,1.0818476227217735,5,2,0,0,1,0.20152564580319754,4,6
2039-11-20,20,1.4049411725794796,2,2,0,0,0,-1.2193036514143551,8,5
2039-11-27,4,6.353893084907651,1,2,2,0,2,-1.8756718091029216,5,17
2039-12-04,19,3.796269921452548,4,2,0,1,1,3.5692021108277383,5,14
2039-12-18,9,7.3096046479888965,5,3,0,0,0,0.6678900959980786,7,17
2040-01-01,13,3.203423366160915,1,4,1,0,2,2.4922143092887685,6,10
2039-12-25,13,4.424000065893651,1,2,0,0,2,-0.38816026466618986,3,9
2040-01-01,18,9.829021149614878,6,2,0,0,2,1.884658447291964,5,22
2040-01-08,4,1.418666467105618,2,2,2,0,2,1.143061393801484,7,13
2040-01-15,17,3.1389203037442424,2,2,2,1,0,-1.542894317176316,6,15
2040-01-22,18,5.0112359976334435,4,2,1,0,1,1.6565009166581597,5,16
2040-02-05,5,3.6353156959430595,3,3,2,0,1,-2.539846174655094,2,15
2040-02-05,3,9.89519940744929,3,2,0,0,0,4.450421328773818,4,20
2040-02-12,5,9.911786414161215,1,2,0,0,1,-1.3907549309675258,2,17
2040-02-19,11,2.5025860513400096,0,2,0,0,0,-3.7083428917583063,3,5
2040-03-04,9,2.3232700829363147,4,3,0,0,0,-0.6462830762652733,8,9
2040-03-04,11,9.605798830129636,5,2,1,0,2,-2.488362431420392,5,22
2040-03-11,4,2.398333203431489,5,2,0,0,2,-0.7861037917574946,6,9
2040-03-18,19,5.980583757580776,1,2,2,0,1,2.672454499249213,3,18
2040-04-01,4,5.536639034710059,3,3,0,0,2,-0.9539587786454755,5,11
2040-04-08,14,1.7671626801653855,3,3,0,1,1,0.6016837846322796,5,8
2040-04-22,15,8.00723663848579,4,4,0,0,0,-2.443339204486429,1,15
2040-04-15,7,5.459065222972657,2,2,1,0,0,0.2327345299395203,5,13
2040-04-22,3,6.9613446195662405,1,2,2,0,1,0.2985310207865957,3,19
2040-04-29,23,5.829193160050908,2,2,0,0,1,2.9803275143194816,3,11
2040-05-13,5,3.765180256746167,1,3,0,0,2,3.0638136590315135,1,7
2040-05-13,14,7.379714018838472,2,2,0,0,1,-3.364134567395571,4,15
2040-05-20,19,5.572663572863898,1,2,0,0,1,-1.343375729156823,7,11
2040-06-03,8,6.031058850873011,1,3,0,0,1,-0.12879508124941583,4,7
2040-06-03,23,6.1151954138795865,1,2,0,0,1,1.7496936542393142,9,13
2040-06-10,4,8.293846321583365,1,2,0,1,1,-1.6343972780252431,5,16
2040-06-17,9,4.354084859462541,5,2,0,0,1,-0.8793640178368993,4,12
2040-06-24,17,5.1409296925863615,6,2,2,0,1,0.6932457849511928,7,21
2040-07-08,23,5.170451372796878,2,3,1,0,1,0.42906583777283197,6,13
2040-07-08,9,7.746590400072787,3,2,0,0,0,2.106038419879889,3,17
2040-07-15,4,3.6592330859876205,1,2,0,0,1,-0.10740435752955299,5,7
2040-07-22,14,8.036681855412196,1,2,0,0,1,-6.198317762829833,1,13
2040-08-05,19,5.776193269561994,3,3,0,0,2,-2.5683964218223214,6,12
2040-08-12,10,2.374591550083381,1,3,0,0,1,2.1795233948497037,4,5
2040-08-12,16,5.3927512947743015,3,2,0,0,1,1.3688454400874512,9,14
2040-08-26,18,3.9518340267305128,5,3,0,0,0,-0.7028494487322521,8,13
2040-08-26,9,5.209590440030234,4,2,0,1,1,1.7513127264564727,4,14
2040-09-09,13,4.089071574707964,7,3,0,0,1,-0.2552523573009704,10,14
2040-09-16,4,7.794715195594323,5,3,0,0,0,0.2560624338890652,4,17
2040-09-16,11,6.936993385216734,0,2,0,0,2,1.0934987079282468,9,14
2040-09-23,10,8.7929748165676,2,2,0,0,1,1.0902863333601582,4,17
2040-10-07,22,9.710084727401043,2,3,1,1,1,-0.5361115368541054,5,23
2040-10-07,7,1.3416522486662152,5,2,0,1,0,0.010277521513945361,5,10
2040-10-14,12,6.783757035985238,6,2,2,0,2,3.916304453825427,7,25
2040-10-28,17,6.3611896147125595,1,3,0,1,1,-0.1778570665517148,5,13
2040-10-28,10,4.937264404937569,0,2,0,0,2,3.501682143300055,6,9
2040-11-11,12,1.57742075748692,5,3,1,0,1,-0.06121018800719029,3,11
2040-11-18,17,5.620510661753629,4,3,0,0,2,0.4122707592452076,3,12
2040-11-18,17,2.7481308220598417,4,2,0,0,1,0.6175443868906607,6,9
2040-11-25,8,4.923410418020154,2,2,0,1,0,0.6232685976148498,7,14
2040-12-02,23,2.7221028643168537,2,2,0,0,1,1.6198660302335417,6,7
2040-12-16,13,8.401819461218277,1,3,0,1,0,-1.7682182820598427,1,15
2040-12-23,17,9.30409587728527,7,3,0,1,0,-0.816665448738198,3,23
2040-12-23,19,4.4022769018687935,1,2,0,0,1,0.38573935299626355,5,9
2041-01-06,6,6.967259923992947,5,3,0,0,2,1.3976541706724142,5,16
2041-01-06,7,1.0393631119088158,5,2,2,0,2,-0.24261734277916133,2,13
2041-01-27,4,3.45451812963781,4,4,0,0,2,3.397852309253516,7,11
2041-01-27,16,8.132389546330643,1,3,0,0,1,1.6969921378001218,4,13
2041-01-27,18,9.334384911334427,4,2,2,0,1,0.3664413106065449,4,25
2041-02-03,6,2.3754535995330306,0,2,2,0,1,-0.19228857584897893,6,12
2041-02-24,21,5.70264064134446,3,4,0,0,0,-0.011243387201286035,9,14
2041-02-17,17,1.4690019574885294,2,2,0,0,0,1.4214010065411933,5,5
2041-03-03,24,2.6603908944795798,2,3,0,0,1,0.6119200488756731,8,9
2041-03-10,5,9.627199134803776,3,3,1,0,0,-1.3429837608250075,6,21
2041-03-10,7,8.84437435856405,2,2,2,0,2,-1.6795948146974018,5,21
2041-03-31,4,9.543950006909133,0,4,1,0,2,1.6566534495077185,2,19
2041-03-24,11,9.559386752282101,5,2,0,0,1,-0.6640277850776322,5,20
2041-04-07,9,9.23550156798539,1,3,0,0,1,-1.088162622035162,4,14
2041-04-07,13,8.93763708836897,1,2,0,0,2,0.17092242550676978,5,15
2041-04-21,15,5.4795463883026105,6,3,0,0,0,0.4247601720469792,6,15
2041-04-21,12,9.824154715988476,4,2,2,0,1,-0.40626409264685626,8,25
2041-04-28,19,6.405657988888281,0,2,0,1,1,0.2521078428542096,5,11
2041-05-05,3,3.068817709360323,3,2,0,0,2,-0.43297369743394737,1,6
2041-05-19,14,7.963585632440133,1,3,0,0,2,3.02638336864042,4,15
2041-05-26,16,5.910792564918821,5,3,1,0,1,1.3482880102399784,7,19
2041-05-26,19,8.885869537488757,3,2,0,0,0,6.432040336042338,6,19
2041-06-02,6,7.028188549971539,2,2,0,0,1,0.07381067710602832,3,14
2041-06-09,17,9.35330698806078,2,2,0,0,1,-3.080865434248593,1,16
2041-06-23,21,1.8243283073002183,5,3,0,0,1,-0.7825354298150815,2,6
2041-06-23,9,9.681964126465026,5,2,0,0,0,2.1971164255707047,6,21
2041-06-30,5,9.993214826956232,5,2,1,0,0,-1.2492097976655085,2,20
2041-07-07,24,8.607266161814632,0,2,0,1,1,-3.5888871701778027,8,16
2041-07-28,18,5.610837801309959,3,4,0,0,0,-2.6716536903010435,3,13
2041-07-28,6,5.002007237548447,3,3,0,0,0,-0.6299208249094898,4,10
2041-07-28,7,2.838168597233455,4,2,0,0,2,0.8611964940337997,4,8
2041-08-04,23,7.768399031943644,1,2,0,0,2,3.3101366836529875,3,14
2041-08-11,18,3.2565877976082223,4,2,0,1,1,-0.37310194201176244,4,9
2041-08-18,8,3.561100390718665,2,2,0,0,1,-1.7580325379009023,5,8
2041-09-01,3,8.837038308717208,2,3,0,0,2,2.556874044839419,7,17
2041-09-01,5,8.767233650081582,3,2,0,0,1,-2.132726150769638,7,17
2041-09-08,24,1.4208991142755028,2,2,1,0,1,2.0791187036093,8,9
2041-09-15,20,7.163815060241626,4,2,0,0,1,-1.5676834781693683,1,13
2041-09-29,22,7.7470165189476115,4,3,0,0,2,0.3781990928220855,5,16
2041-09-29,11,4.933216684888055,5,2,0,0,1,0.6646927429440069,6,14
2041-10-13,7,9.851438852197974,2,3,0,0,2,-0.6139880917668036,3,17
2041-10-20,23,1.5053540862206611,4,3,0,0,1,0.43170339120430873,5,7
2041-10-20,18,1.6505760929528517,3,2,0,0,2,-1.5468298532300317,5,7
2041-11-10,11,6.006139531302614,3,4,0,0,1,1.6103752577778594,4,12
2041-11-03,3,4.569207051804196,4,2,2,0,2,0.6567247906670594,5,16
2041-11-10,5,4.148229592421946,3,2,0,1,1,0.9500532291099243,1,12
2041-11-24,21,2.2883736056412336,4,3,0,1,2,1.5202833643327036,3,11
2041-11-24,9,1.7414356517056957,2,2,0,0,1,1.558059075959427,7,7
2041-12-01,16,1.388507628531008,4,2,0,0,1,0.8797661907769377,5,6
2041-12-08,24,5.7757353099908695,2,2,1,0,1,-2.448450016711161,5,13
2041-12-15,17,8.385940354701244,3,2,1,1,1,0.11229188790190792,5,20
2041-12-22,22,7.233568224814481,2,2,1,0,1,0.8310203301507434,5,18
2042-01-05,24,9.12679051255711,1,3,0,0,1,1.9791986591809414,4,16
2042-01-05,15,1.6309881345187975,1,2,1,0,2,2.420491028835563,7,10
2042-01-12,19,8.89334766138974,0,2,0,0,2,-1.0410982341068333,6,14
2042-01-19,12,6.953673536298904,1,2,1,1,1,0.2742181192085728,5,18
2042-02-02,12,2.9695120982892336,2,3,0,0,2,-2.952460960618797,3,7
2042-02-09,4,1.8958209499973442,3,3,0,0,2,1.1360640251768008,6,8
2042-02-09,17,7.957287088351455,4,2,0,0,1,1.9735968700740776,6,18
2042-02-16,23,8.139186838011105,2,2,0,0,1,0.3520998110467496,2,13
2042-02-23,21,9.525230890356363,2,2,0,0,0,-1.1336069041916352,8,20
2042-03-09,13,5.4909473900679995,2,3,0,0,1,1.1590802264837976,9,13
2042-03-16,7,8.242262065358492,3,3,2,0,1,-2.7094833185845526,4,22
2042-03-16,10,8.965547885832532,3,2,0,0,1,2.8086829153508224,5,19
2042-03-23,10,3.842134447022403,6,2,0,0,0,0.26536923826615366,6,11
2042-04-06,16,1.540326817021228,2,3,0,0,1,-2.5185911037600763,2,4
2042-04-06,9,4.725185710924175,2,2,0,0,0,-0.43639568051947375,5,11
2042-04-13,19,8.444843200780618,2,2,1,0,1,1.8236271871416034,7,19
2042-05-04,24,8.417344646799023,3,4,0,0,2,0.13546078723225313,3,17
2042-04-27,21,5.17802649570279,6,2,0,0,0,0.5490279749865667,5,14
2042-05-11,16,8.7534876056862,4,3,2,0,1,0.6053683715817098,10,25
2042-05-18,5,4.233492241881037,0,3,0,0,2,0.03571060296434881,4,10
2042-05-18,11,3.6166080561276037,5,2,0,0,1,-2.775403897382189,4,10
2042-05-25,20,4.465906110464653,3,2,0,0,2,-0.25428082957222475,7,12
2042-06-01,9,9.436964760886989,2,2,0,0,0,-1.1632409209824708,4,14
2042-06-22,14,3.7047659474543226,3,4,0,1,0,1.3381505089927297,2,10
2042-06-15,14,3.0155385103051673,5,2,0,0,1,-2.5464945777839065,5,11
2042-07-06,10,9.533465245182752,5,4,0,0,0,-0.3533501854164851,6,20
2042-06-29,6,5.550216866466627,3,2,0,0,2,0.5749847204576314,9,13
2042-07-13,10,7.593002746453305,0,3,0,0,2,0.8900351958028379,7,14
2042-07-27,18,8.534326881926056,4,4,0,0,1,-0.7043608962391746,4,17
2042-07-27,21,9.762214219844914,1,3,1,0,0,-5.226537078340036,8,22
2042-07-27,16,2.192111117801906,6,2,0,0,1,3.6572505248836498,2,9
2042-08-03,7,6.766221408550307,2,2,1,0,0,-1.6070619228541845,4,18
2042-08-10,22,4.1787031435420605,3,2,0,1,1,1.402002535437973,2,10
2042-08-17,15,1.1172275228163193,8,2,0,0,2,-2.416384916716078,6,8
2042-08-31,7,4.675793712523603,2,3,2,0,0,-0.922534154037392,7,16
2042-08-31,11,3.643721214630049,6,2,0,1,2,1.132354781540345,7,15
2042-09-07,24,2.0718489716807946,2,2,0,0,1,-2.563704314759145,5,7
2042-09-14,21,9.750687514312027,1,2,0,0,2,1.278673208486846,4,19
2042-09-21,13,8.631555172546742,2,2,0,0,1,5.456999490593214,6,17
2042-10-12,22,8.606011717640449,4,4,0,1,1,1.6634662766963542,9,21
2042-10-12,10,7.693864068276012,1,3,0,0,1,-1.6126624377592205,8,15
2042-10-19,15,3.6235877450102345,1,3,1,0,2,0.2554407474787594,2,10
2042-10-19,15,9.058253885673265,4,2,2,0,1,-1.4782731184614069,7,24
2042-10-26,18,1.4525458331903067,3,2,0,0,1,-0.3855630009501598,3,6
2042-11-09,13,8.02733167976766,2,3,0,0,2,2.887282950359186,3,14
2042-11-09,20,8.322902380261535,2,2,1,0,1,1.4293055430755839,5,18
2042-11-16,6,8.788753317665083,4,2,2,1,1,-0.8635023500622555,4,24
2042-11-23,17,9.214112376206854,4,2,1,1,1,3.4119137804854534,9,25
2042-12-07,4,2.577798194631757,4,3,0,0,1,-0.3768336938174525,7,9
2042-12-07,23,1.133486582091228,3,2,0,0,1,0.17051511200294847,4,5
2042-12-14,18,3.6384938265782365,5,2,0,0,0,0.45443780485446805,4,12
2042-12-21,16,3.1315603318246854,4,2,0,0,1,2.7931956924463557,1,10
2043-01-11,13,2.4206134408245976,0,4,2,0,2,0.20062704272685547,7,13
2043-01-04,3,6.938291033212566,2,2,0,0,0,-0.1660559948496231,6,14
2043-01-11,21,7.228948580325255,3,2,1,0,1,0.7896400408243534,7,18
2043-01-18,4,5.692185776681402,1,2,0,0,2,2.912942955610903,5,11
2043-02-01,9,1.3877579454117788,2,3,0,0,1,2.954745121261721,5,7
2043-02-08,14,9.080203327269421,1,3,0,0,1,-1.3239780614944645,6,17
2043-02-08,17,9.999108793083085,5,2,0,0,1,2.9109965841578864,7,24
2043-02-15,24,6.7279181011613245,3,2,0,0,1,-1.0092639783671802,6,14
2043-02-22,10,1.2005418526396356,2,2,0,0,0,1.4566884506617068,7,7
2043-03-15,7,6.972840905536346,2,4,0,0,0,2.661607831279724,6,14
2043-03-08,12,3.4856766093300307,2,2,2,0,1,-0.4739696771454833,5,12
2043-03-22,20,2.2694582896321287,6,3,2,0,1,0.38610160591622966,4,14
2043-03-22,17,7.686812210400611,2,2,0,1,1,0.21308935286874806,4,17
2043-04-05,10,4.709557421286505,1,3,0,0,1,0.06012592636649307,1,6
2043-04-12,10,3.7947661240780515,4,3,1,0,0,0.1226873284817273,5,13
2043-04-19,10,4.674551619008773,4,3,2,1,2,2.1022434955159968,6,20
2043-04-19,18,1.8503548766106725,5,2,0,0,1,1.311921104282747,3,8
2043-04-26,6,1.0541983633156573,2,2,0,0,1,1.240919604924673,7,5
2043-05-03,10,6.704093790165627,2,2,0,0,1,1.9130989235745373,6,13
2043-05-10,19,3.8096986309507037,2,2,0,0,2,-1.9960143620629123,4,9
2043-05-31,15,8.197109229473327,1,4,1,0,2,2.7981949585268286,4,19
2043-05-31,16,9.73438381573358,5,3,2,0,0,0.6723681183321853,2,25
2043-05-31,20,1.486356331131121,3,2,0,0,2,-2.7006356196630534,4,6
2043-06-14,18,2.5836518679488707,3,3,0,0,2,-0.8494544127681088,7,7
2043-06-14,9,1.9855556246814752,5,2,0,0,1,1.7366156347552644,2,8
2043-06-21,9,5.780383578093274,2,2,2,1,2,-0.3846063685632544,4,20
2043-07-05,3,4.377383881620273,1,3,0,0,1,0.6832378780077711,9,10
2043-07-12,18,2.7108468071927336,1,3,0,0,1,-0.6311353850690443,5,7
2043-07-26,5,6.720652502521256,6,4,0,0,2,-0.784110320502964,5,16
2043-07-19,12,6.161049876038684,2,2,0,1,2,0.87691175718587,9,14
2043-08-02,7,9.144069503258137,1,3,0,0,1,0.6935651091883923,4,16
2043-08-16,22,2.291313427710474,2,4,0,0,2,0.8451199558653754,3,5
2043-08-23,8,1.4310821932068234,3,4,0,1,1,-0.08604464592851835,10,8
2043-08-23,19,4.344232940665309,6,3,0,0,2,1.7237077202084419,2,11
2043-08-30,19,5.269808748599187,2,3,0,1,1,-5.056490200627429,4,11
2043-09-06,4,8.669250102336022,4,3,0,0,2,3.671147944765656,7,21
2043-09-13,7,1.4414489944289899,4,3,2,0,2,-1.2918163465245933,2,12
2043-09-13,5,5.6963379074622456,3,2,1,0,0,2.3350624303629584,7,17
2043-10-04,16,3.1588665313244637,4,4,1,0,2,-0.8405261093821549,4,12
2043-10-04,18,2.8486569753982787,2,3,0,0,1,0.2525254629741202,5,8
2043-10-04,15,3.4012600778049493,4,2,0,0,1,0.6799870977303695,5,9
2043-10-11,6,4.426542729619966,1,2,0,0,1,-1.4987415115331233,4,9
2043-10-18,11,1.4225863530916134,2,2,0,0,1,-1.9843694552782143,6,5
2043-10-25,16,7.895226664127373,2,2,1,0,1,-1.7201224957156906,4,19
2043-11-01,11,3.625706514170508,1,2,0,0,2,-1.0202500987275556,3,5
2043-11-15,23,5.893995177727785,2,3,0,0,1,-2.614292533459466,3,12
2043-11-15,15,9.855353815314562,2,2,2,1,2,0.8498392047873674,6,28
2043-11-29,3,5.229910799367282,1,3,0,0,1,1.3038381905483283,5,10
2043-11-29,19,2.9798694562430006,0,2,0,0,1,-1.7694696749461454,3,5
2043-12-06,12,3.793602717398471,3,2,0,1,0,1.2183786626697515,5,10
2043-12-20,23,8.454936214834712,4,3,0,0,0,0.16737963995377372,6,17
2043-12-20,13,3.010968547204145,4,2,0,0,1,2.0754637986811235,9,12
2043-12-27,14,5.755030410808226,0,2,2,0,0,-1.0541620908015412,7,16
2044-01-17,11,5.554946340166001,2,4,0,0,1,1.501350789255302,4,11
2044-01-17,3,7.581613474592994,3,3,0,0,2,-0.29023712667227225,5,15
2044-01-24,13,5.285741172009,3,3,0,0,1,1.8351740958838663,2,10
2044-02-07,8,6.583049776557995,6,4,0,0,2,-0.25599395042679035,8,16
2044-02-14,15,9.729568430354679,4,4,0,0,1,3.4445347819740513,8,23
2044-02-07,22,3.1740355649476126,3,2,0,1,0,1.1073446011433465,7,12
2044-02-21,22,1.3373735241280622,5,3,0,0,2,-1.1370786097780015,6,7
2044-02-21,19,9.483311928492205,3,2,1,0,2,3.2869525419538466,2,21
2044-02-28,4,5.393435304494996,2,2,0,0,1,4.215262657405214,4,11
2044-03-06,23,7.464178236449084,4,2,1,0,0,-0.7579681481163826,7,20
2044-03-13,3,5.022047440509185,5,2,1,0,1,3.0113776986841603,3,17
2044-04-03,17,2.385606719112677,6,4,0,0,2,-0.019400474130690952,5,10
2044-04-10,9,7.9117074685711,1,4,0,0,2,-0.32745590563534177,4,13
2044-04-10,12,9.274553570878107,2,3,2,0,1,2.739873439736536,8,25
2044-04-10,9,1.5744582063159211,3,2,0,0,1,0.2744988057654667,2,6
2044-04-24,12,1.4839761515384418,3,3,0,1,1,2.4660782669018912,7,9
2044-04-24,15,4.505927625090442,2,2,0,0,2,-0.4853381498076905,4,9
2044-05-08,15,6.202361004659202,3,3,1,1,0,1.7704766114803787,4,19
2044-05-15,17,8.362245909275003,0,3,0,0,1,-0.7137692994773378,4,13
2044-05-15,22,3.448027503380702,6,2,0,0,1,-3.559123691335277,4,10
2044-05-29,18,5.013650043785648,4,3,0,0,2,-2.515582764689692,9,14
2044-06-05,11,4.742506452412266,8,3,0,0,0,0.96865087540541,7,15
2044-06-19,13,3.1476181937175713,5,4,0,0,1,2.6587891734959896,3,10
2044-06-26,5,6.728005250638814,4,4,1,0,1,-0.5909614690532199,4,18
2044-07-03,13,4.9610431681909635,2,4,1,1,2,-0.2973581777428617,8,15
2044-07-10,13,1.8474742796754684,2,4,0,1,2,1.0449282347801914,5,8
2044-07-03,24,6.946560731342569,2,2,0,0,0,-5.2533695119972235,3,12
2044-07-10,8,3.5758035735848552,3,2,1,0,2,1.860259831890206,5,13
2044-07-17,21,9.456752723946202,2,2,0,0,1,0.627767544247948,2,14
2044-07-31,10,6.2893812695667775,3,3,0,0,2,0.33680183891671434,4,12
2044-07-31,12,8.75399414203208,3,2,0,0,0,1.7488123789807812,1,15
2044-08-14,20,7.9183981789067275,6,3,0,0,1,-1.9955125582138684,4,18
2044-08-21,16,8.16671706780953,5,3,1,1,2,-1.6033580733355683,4,20
2044-08-21,11,2.9375670256947233,3,2,0,0,1,2.0246176947809564,6,8
2044-08-28,15,1.6568444325785578,4,2,2,0,1,-1.705289819271303,3,13
2044-09-04,9,5.103309463303377,7,2,1,0,2,-1.9493726374351545,7,20
2044-09-11,22,6.5528045278053275,4,2,0,1,2,-2.326369016855553,6,17
2044-09-18,22,9.813699976756647,4,2,2,0,2,2.685306490022959,9,29
2044-10-02,21,7.909944131741251,5,3,0,0,0,0.25563707425718735,3,16
2044-10-02,12,8.34910488765314,5,2,0,0,1,-1.5100679918209972,5,19
2044-10-09,4,2.3739568278714205,2,2,0,0,1,1.0999714181975861,3,7
2044-10-16,5,7.636795107597988,1,2,1,0,1,1.9072138350750463,7,16
2044-11-06,20,5.2568538998692045,6,4,0,1,0,1.9788021273394205,6,18
2044-11-06,24,5.521289400304392,2,3,0,1,1,-1.4724566443450624,4,13
2044-11-06,20,4.116468398296676,1,2,0,0,1,1.4449478218183116,2,7
2044-11-13,15,8.160375556519632,5,2,0,0,2,0.04927110441989786,5,16
2044-11-20,15,8.954598737659085,3,2,0,0,1,1.5176585365516528,8,18
2044-11-27,24,4.6705537600759905,3,2,1,0,1,1.5121040415038054,5,15
2044-12-04,13,7.99607610139919,5,2,0,0,0,1.741369578984802,3,18
2044-12-25,20,2.4349727045819116,3,4,0,0,1,1.6769361041831439,5,9
2044-12-18,23,2.757458090612991,1,2,0,0,2,-2.4161092535971385,3,5
2045-01-01,22,1.2712718595027523,3,3,0,0,1,-2.5059995143367875,3,5
2045-01-08,16,8.436622284436172,2,3,0,0,1,0.5611499319172378,9,16
2045-01-08,20,1.9849899439294187,7,2,0,1,2,-2.496584838283743,7,12
2045-01-15,6,7.031792496834481,3,2,0,0,1,-1.4682702714114417,5,14
2045-01-29,12,6.992137856778542,3,3,0,0,0,-3.405701121911864,6,13
2045-01-29,23,4.0470670806377225,2,2,2,1,1,-0.7924303145555242,4,17
2045-02-05,18,1.408395275022902,3,2,0,0,0,3.151363794450586,8,9
2045-02-19,17,9.590276197847723,1,3,0,0,2,-0.987903372077382,4,17
2045-02-19,17,2.6576967297103424,3,2,2,0,2,0.027305824150113456,5,14
2045-02-26,18,1.0746262733648098,1,2,0,0,1,0.9115813507449954,7,4
2045-03-19,23,8.089487085664945,2,4,0,0,2,-3.932096825935836,7,16
2045-03-12,17,5.369228387071428,5,2,1,0,1,-0.6200840485159047,6,17
2045-03-19,19,6.465778686291478,5,2,0,0,1,1.8516092831921185,2,15
2045-04-02,20,5.48401366241404,2,3,0,0,0,-0.039473607376724965,5,11
2045-04-02,10,5.831281767497105,5,2,0,0,0,2.115527391341166,4,13
2045-04-16,21,4.031461029837059,4,3,0,0,0,2.2106693790618523,2,12
2045-04-23,23,3.8693970649545295,4,3,0,1,1,-0.7683979312148097,6,12
2045-05-07,20,4.598505978783847,3,4,0,0,1,0.4573121925541371,8,9
2045-04-30,13,3.4448618759427445,2,2,1,0,0,-0.741592867599053,8,14
2045-05-07,13,1.0734644031149443,2,2,0,0,0,0.5496984769965486,4,3
2045-05-14,20,2.6795934241014407,3,2,1,0,2,-1.9322530462581802,9,13
2045-05-21,9,6.448749259165742,4,2,0,0,0,-5.0500135823474155,9,13
2045-05-28,19,1.6544009291013255,3,2,0,1,1,0.35108448767029643,5,9
2045-06-11,19,1.7156546607216336,0,3,0,0,1,-2.704436034838346,10,6
2045-06-11,10,5.9327975538373625,2,2,1,0,1,0.6831106288624383,5,13
2045-06-18,6,7.212363482668611,7,2,0,1,2,-1.0490734780001962,4,20
2045-06-25,4,3.417198937978893,1,2,0,0,0,1.4632710231158979,5,10
2045-07-16,5,1.187753253736681,1,4,0,0,0,-1.6478348145682018,8,5
2045-07-09,3,9.699916935632766,8,2,1,1,2,-0.08420135840699146,2,25
2045-07-16,6,6.968158644197684,3,2,2,1,1,1.5681792648249477,5,23
2045-07-30,23,2.6801339033541787,4,3,0,1,2,-3.5299859322931786,4,9
2045-07-30,22,8.443409420285466,7,2,2,0,2,-1.7929388755004008,6,27
2045-08-06,11,3.408016255541277,2,2,0,1,1,1.3459904347989962,7,11
2045-08-13,21,9.356875870846434,2,2,1,0,2,0.5743190189923563,9,21
2045-08-20,8,9.768733664532343,3,2,0,0,0,5.276205352016981,6,21
2045-08-27,7,5.838636899623257,8,2,0,0,1,-1.164381704195082,7,17
2045-09-03,5,5.04840948146157,3,2,0,0,1,-3.3929163088929415,9,11
2045-09-17,13,9.813381382298964,4,3,0,0,2,-0.7739681983153809,6,21
2045-09-17,5,1.5839129628454462,2,2,0,0,1,-2.073334632305086,7,5
2045-09-24,21,1.3064444339820627,3,2,0,1,1,-0.2854424118150749,6,9
2045-10-15,14,5.852717836502785,2,4,0,1,1,-1.4360661643445483,2,12
2045-10-15,10,8.052737980303483,3,3,0,0,1,0.39533844703211846,1,15
2045-10-29,23,4.67618469989865,3,4,1,0,1,1.100724878463808,5,14
2045-11-05,18,5.29175162612147,1,4,2,0,1,-1.46476549119016,2,14
2045-11-12,20,7.604278425480165,4,4,0,0,1,-2.3044390078458457,5,16
2045-11-05,15,4.99751902785524,6,2,0,0,0,1.008514488968303,3,13
2045-11-12,17,4.672613827323378,7,2,1,0,1,-2.027587481939446,2,15
2045-11-19,7,5.777737977944838,4,2,1,0,1,-3.476390080097083,4,13
2045-11-26,8,7.181100715225465,4,2,0,0,1,1.5593530318857758,7,15
2045-12-03,19,6.983172919274126,2,2,0,0,2,0.9849669694892444,6,13
2045-12-10,4,5.807079829228079,2,2,0,0,1,-1.6921444265881451,5,13
